id_depto,provincia,nombre_depto,pob_jardin,pob_primaria,pob_secundaria,pob_total
6007,Buenos Aires,Adolfo Alsina,732.0,1463.0,1462.0,17344.0
6014,Buenos Aires,Adolfo Gonzales Chaves,523.0,1184.0,1204.0,12847.0
6021,Buenos Aires,Alberti,495.0,1166.0,1222.0,12906.0
6028,Buenos Aires,Almirante Brown,25188.0,58015.0,58563.0,583209.0
6035,Buenos Aires,Avellaneda,13168.0,31635.0,32280.0,366117.0
6042,Buenos Aires,Ayacucho,985.0,2051.0,2217.0,21757.0
6049,Buenos Aires,Azul,3086.0,7022.0,7110.0,75152.0
6056,Buenos Aires,Bahía Blanca,12522.0,29136.0,28181.0,334505.0
6063,Buenos Aires,Balcarce,1973.0,4356.0,4265.0,48516.0
6077,Buenos Aires,Arrecifes,1435.0,3046.0,2972.0,32077.0
6091,Buenos Aires,Berazategui,14843.0,35310.0,35813.0,358328.0
6098,Buenos Aires,Berisso,4327.0,10089.0,9796.0,100685.0
6105,Buenos Aires,Bolívar,1590.0,3296.0,3284.0,37194.0
6112,Buenos Aires,Bragado,1884.0,4108.0,4278.0,46227.0
6119,Buenos Aires,Brandsen,1475.0,3406.0,3522.0,32350.0
6126,Buenos Aires,Campana,4628.0,10711.0,10932.0,107976.0
6134,Buenos Aires,Cañuelas,3575.0,8115.0,7727.0,70542.0
6140,Buenos Aires,Capitán Sarmiento,625.0,1468.0,1475.0,15882.0
6147,Buenos Aires,Carlos Casares,979.0,2127.0,2160.0,22905.0
6154,Buenos Aires,Carlos Tejedor,628.0,1331.0,1282.0,14007.0
6161,Buenos Aires,Carmen de Areco,785.0,1627.0,1736.0,17345.0
6168,Buenos Aires,Castelli,416.0,888.0,871.0,9551.0
6175,Buenos Aires,Colón,1112.0,2418.0,2582.0,27406.0
6182,Buenos Aires,Coronel de Marina Leonardo Rosales,2684.0,6284.0,6426.0,65823.0
6196,Buenos Aires,Coronel Pringles,1075.0,2404.0,2207.0,24110.0
6210,Buenos Aires,Chacabuco,1940.0,4504.0,4851.0,52409.0
6218,Buenos Aires,Chascomús,1873.0,4228.0,4344.0,42191.0
6224,Buenos Aires,Chivilcoy,2733.0,6129.0,6490.0,70554.0
6231,Buenos Aires,Daireaux,790.0,1704.0,1827.0,18328.0
6238,Buenos Aires,Dolores,1398.0,2888.0,3018.0,31405.0
6245,Buenos Aires,Ensenada,2860.0,6608.0,6677.0,63978.0
6252,Buenos Aires,Escobar,12294.0,27457.0,26051.0,256071.0
6260,Buenos Aires,Esteban Echeverría,15490.0,35257.0,34376.0,337880.0
6274,Buenos Aires,Florencio Varela,24703.0,55183.0,53050.0,488103.0
6277,Buenos Aires,Florentino Ameghino,470.0,1070.0,1155.0,10759.0
6280,Buenos Aires,General Alvarado,1945.0,4115.0,4199.0,45307.0
6287,Buenos Aires,General Alvear,429.0,968.0,931.0,10150.0
6294,Buenos Aires,General Arenales,655.0,1331.0,1361.0,16231.0
6301,Buenos Aires,General Belgrano,899.0,1957.0,1906.0,20674.0
6308,Buenos Aires,General Guido,137.0,285.0,322.0,3157.0
6322,Buenos Aires,General La Madrid,474.0,1083.0,1010.0,11535.0
6329,Buenos Aires,General Las Heras,836.0,1773.0,1811.0,17980.0
6336,Buenos Aires,General Lavalle,250.0,549.0,523.0,4846.0
6343,Buenos Aires,General Paz,639.0,1495.0,1388.0,14141.0
6357,Buenos Aires,General Pueyrredón,23100.0,53294.0,56683.0,660569.0
6364,Buenos Aires,General Rodríguez,7808.0,18024.0,16181.0,142315.0
6371,Buenos Aires,General San Martín,15897.0,38161.0,39283.0,444503.0
6385,Buenos Aires,General Viamonte,1002.0,2208.0,2007.0,22530.0
6399,Buenos Aires,Guaminí,460.0,1028.0,1033.0,11662.0
6406,Buenos Aires,Hipólito Yrigoyen,435.0,919.0,1008.0,10581.0
6408,Buenos Aires,Hurlingham,6675.0,16075.0,16703.0,185361.0
6410,Buenos Aires,Ituzaingó,6232.0,15026.0,16006.0,177983.0
6412,Buenos Aires,José C. Paz,16399.0,36232.0,34625.0,326527.0
6413,Buenos Aires,Junín,4127.0,8925.0,8854.0,100964.0
6420,Buenos Aires,La Costa,4245.0,9744.0,10067.0,100400.0
6427,Buenos Aires,La Matanza,87162.0,193043.0,184423.0,1837168.0
6434,Buenos Aires,Lanús,16028.0,37841.0,39732.0,460081.0
6441,Buenos Aires,La Plata,29260.0,66893.0,65622.0,756074.0
6448,Buenos Aires,Laprida,532.0,1175.0,1188.0,11496.0
6462,Buenos Aires,Leandro N. Alem,739.0,1585.0,1672.0,17153.0
6466,Buenos Aires,Lezama,255.0,546.0,564.0,6170.0
6469,Buenos Aires,Lincoln,1843.0,4008.0,4164.0,45191.0
6476,Buenos Aires,Lobería,699.0,1606.0,1646.0,18106.0
6483,Buenos Aires,Lobos,1853.0,3961.0,4077.0,41418.0
6497,Buenos Aires,Luján,4701.0,10571.0,10397.0,110111.0
6505,Buenos Aires,Magdalena,1042.0,2352.0,2299.0,22653.0
6511,Buenos Aires,Maipú,503.0,1058.0,1020.0,11253.0
6515,Buenos Aires,Malvinas Argentinas,14565.0,34313.0,35116.0,349401.0
6518,Buenos Aires,Mar Chiquita,1423.0,3085.0,3090.0,32973.0
6525,Buenos Aires,Marcos Paz,3460.0,7274.0,7274.0,64761.0
6532,Buenos Aires,Mercedes,3084.0,6743.0,6718.0,71002.0
6539,Buenos Aires,Merlo,27105.0,61148.0,60384.0,581484.0
6547,Buenos Aires,Monte,1098.0,2558.0,2479.0,24616.0
6553,Buenos Aires,Monte Hermoso,317.0,810.0,786.0,8444.0
6560,Buenos Aires,Moreno,28521.0,65328.0,61696.0,575758.0
6568,Buenos Aires,Morón,10346.0,24608.0,26309.0,329517.0
6588,Buenos Aires,9 de Julio,2262.0,4895.0,5105.0,52366.0
6602,Buenos Aires,Patagones,1630.0,3677.0,3419.0,37499.0
6609,Buenos Aires,Pehuajó,1886.0,4099.0,4412.0,44594.0
6616,Buenos Aires,Pellegrini,373.0,719.0,621.0,7112.0
6623,Buenos Aires,Pergamino,4820.0,10471.0,10572.0,114988.0
6630,Buenos Aires,Pila,248.0,511.0,442.0,4615.0
6644,Buenos Aires,Pinamar,1719.0,3865.0,4033.0,39224.0
6648,Buenos Aires,Presidente Perón,5563.0,12302.0,12031.0,101994.0
6651,Buenos Aires,Puan,541.0,1236.0,1261.0,16391.0
6655,Buenos Aires,Punta Indio,535.0,1193.0,1064.0,12161.0
6658,Buenos Aires,Quilmes,26975.0,60261.0,60966.0,631774.0
6665,Buenos Aires,Ramallo,1929.0,4031.0,4116.0,39648.0
6672,Buenos Aires,Rauch,669.0,1501.0,1569.0,16491.0
6679,Buenos Aires,Rivadavia,942.0,2000.0,1919.0,19735.0
6686,Buenos Aires,Rojas,1027.0,2284.0,2424.0,25619.0
6693,Buenos Aires,Roque Pérez,615.0,1342.0,1352.0,13901.0
6700,Buenos Aires,Saavedra,785.0,1822.0,1817.0,21407.0
6707,Buenos Aires,Saladillo,1476.0,3213.0,3393.0,35423.0
6714,Buenos Aires,Salto,1728.0,3725.0,3895.0,39257.0
6721,Buenos Aires,Salliqueló,366.0,818.0,871.0,9344.0
6728,Buenos Aires,San Andrés de Giles,1236.0,2599.0,2588.0,26399.0
6742,Buenos Aires,San Cayetano,314.0,731.0,777.0,8918.0
6749,Buenos Aires,San Fernando,6594.0,15307.0,15396.0,171099.0
6756,Buenos Aires,San Isidro,9488.0,22338.0,24711.0,295978.0
6760,Buenos Aires,San Miguel,13979.0,31904.0,30659.0,327650.0
6763,Buenos Aires,San Nicolás,6938.0,15253.0,15389.0,166657.0
6770,Buenos Aires,San Pedro,3165.0,7116.0,7075.0,68353.0
6778,Buenos Aires,San Vicente,5505.0,12095.0,11192.0,97929.0
6784,Buenos Aires,Suipacha,535.0,1157.0,1241.0,11736.0
6798,Buenos Aires,Tapalqué,486.0,971.0,1043.0,10695.0
6805,Buenos Aires,Tigre,18454.0,44078.0,45768.0,446291.0
6812,Buenos Aires,Tordillo,136.0,259.0,221.0,2528.0
6819,Buenos Aires,Tornquist,570.0,1351.0,1223.0,14591.0
6826,Buenos Aires,Trenque Lauquen,2171.0,4578.0,4539.0,49128.0
6840,Buenos Aires,Tres de Febrero,12280.0,28750.0,29762.0,362319.0
6854,Buenos Aires,25 de Mayo,1498.0,3189.0,3305.0,35411.0
6861,Buenos Aires,Vicente López,8348.0,19249.0,21024.0,280541.0
6875,Buenos Aires,Villarino,1415.0,3167.0,3277.0,32552.0
6882,Buenos Aires,Zárate,5546.0,13121.0,13453.0,131415.0
10007,Catamarca,Ambato,218.0,365.0,403.0,5087.0
10014,Catamarca,Ancasti,137.0,286.0,326.0,3282.0
10021,Catamarca,Andalgalá,870.0,1720.0,2024.0,19545.0
10028,Catamarca,Antofagasta de la Sierra,74.0,203.0,180.0,1822.0
10035,Catamarca,Belén,1434.0,2993.0,3358.0,30353.0
10049,Catamarca,Capital,8055.0,17212.0,17421.0,186466.0
10056,Catamarca,El Alto,204.0,448.0,471.0,4375.0
10063,Catamarca,Fray Mamerto Esquiú,654.0,1424.0,1372.0,14624.0
10070,Catamarca,La Paz,1261.0,2725.0,2805.0,26341.0
10077,Catamarca,Paclín,172.0,429.0,439.0,4696.0
10084,Catamarca,Pomán,554.0,1243.0,1353.0,12219.0
10091,Catamarca,Santa María,1238.0,2579.0,2605.0,26822.0
10098,Catamarca,Santa Rosa,625.0,1288.0,1350.0,13317.0
10105,Catamarca,Tinogasta,1134.0,2400.0,2639.0,25254.0
10112,Catamarca,Valle Viejo,1520.0,3303.0,3329.0,33951.0
14007,Córdoba,Calamuchita,3329.0,7284.0,7165.0,75462.0
14014,Córdoba,Capital,58120.0,127379.0,128338.0,1498060.0
14021,Córdoba,Colón,13616.0,29932.0,29632.0,294511.0
14028,Córdoba,Cruz del Eje,3124.0,6501.0,6411.0,64748.0
14035,Córdoba,General Roca,1592.0,3263.0,3421.0,36064.0
14042,Córdoba,General San Martín,6949.0,14299.0,13876.0,152397.0
14049,Córdoba,Ischilín,1743.0,3562.0,3833.0,36023.0
14056,Córdoba,Juárez Celman,3118.0,6415.0,6369.0,68317.0
14063,Córdoba,Marcos Juárez,4276.0,9153.0,9167.0,107286.0
14077,Córdoba,Pocho,208.0,399.0,471.0,5070.0
14084,Córdoba,Presidente Roque Sáenz Peña,1616.0,3515.0,3539.0,37551.0
14105,Córdoba,Río Primero,2879.0,5663.0,5648.0,58181.0
14112,Córdoba,Río Seco,712.0,1591.0,1682.0,15275.0
14119,Córdoba,Río Segundo,4752.0,10379.0,10404.0,113311.0
14126,Córdoba,San Alberto,1903.0,3968.0,4003.0,42029.0
14133,Córdoba,San Javier,2613.0,6034.0,5909.0,62700.0
14140,Córdoba,San Justo,9838.0,20783.0,21468.0,228951.0
14154,Córdoba,Sobremonte,192.0,401.0,460.0,4381.0
14161,Córdoba,Tercero Arriba,5123.0,10870.0,10670.0,120207.0
14168,Córdoba,Totoral,1032.0,2217.0,2276.0,22473.0
14175,Córdoba,Tulumba,621.0,1209.0,1282.0,14092.0
14182,Córdoba,Unión,4780.0,10277.0,10411.0,113635.0
18007,Corrientes,Bella Vista,2328.0,4808.0,4429.0,44369.0
18014,Corrientes,Berón de Astrada,137.0,265.0,282.0,2808.0
18021,Corrientes,Capital,19680.0,40888.0,40072.0,437446.0
18028,Corrientes,Concepción,1534.0,3184.0,3113.0,26270.0
18035,Corrientes,Curuzú Cuatiá,2522.0,5255.0,5300.0,51489.0
18042,Corrientes,Empedrado,877.0,1754.0,1759.0,17948.0
18049,Corrientes,Esquina,2117.0,4138.0,4222.0,39168.0
18056,Corrientes,General Alvear,477.0,896.0,978.0,9051.0
18063,Corrientes,General Paz,798.0,1615.0,1653.0,17016.0
18070,Corrientes,Goya,4959.0,10905.0,10981.0,106223.0
18077,Corrientes,Itatí,637.0,1276.0,1153.0,11946.0
18084,Corrientes,Ituzaingó,2033.0,4200.0,4058.0,38767.0
18091,Corrientes,Lavalle,2407.0,4752.0,4407.0,40406.0
18098,Corrientes,Mburucuyá,510.0,1108.0,1245.0,11541.0
18105,Corrientes,Mercedes,2649.0,5266.0,4722.0,49807.0
18112,Corrientes,Monte Caseros,2277.0,4648.0,4524.0,45602.0
18119,Corrientes,Paso de los Libres,2964.0,6353.0,6441.0,56778.0
18126,Corrientes,Saladas,1455.0,3024.0,3136.0,29126.0
18133,Corrientes,San Cosme,902.0,1882.0,1732.0,19679.0
18140,Corrientes,San Luis del Palmar,1037.0,2025.0,2117.0,21381.0
18147,Corrientes,San Martín,819.0,1702.0,1679.0,15164.0
18154,Corrientes,San Miguel,718.0,1498.0,1469.0,12700.0
18161,Corrientes,San Roque,1145.0,2315.0,2356.0,22682.0
18168,Corrientes,Santo Tomé,3709.0,8046.0,7758.0,71922.0
22007,Chaco,Almirante Brown,2184.0,4305.0,4587.0,37794.0
22014,Chaco,Bermejo,1344.0,2968.0,2767.0,28060.0
22021,Chaco,Comandante Fernández,4754.0,10417.0,10518.0,101086.0
22028,Chaco,Chacabuco,1714.0,3571.0,3204.0,34493.0
22036,Chaco,12 de Octubre,1126.0,2450.0,2340.0,23179.0
22039,Chaco,2 de Abril,407.0,783.0,731.0,8310.0
22043,Chaco,Fray Justo Santa María de Oro,522.0,1106.0,1070.0,10643.0
22049,Chaco,General Belgrano,771.0,1466.0,1426.0,12807.0
22056,Chaco,General Donovan,747.0,1538.0,1482.0,15061.0
22063,Chaco,General Güemes,3925.0,8259.0,7442.0,68429.0
22070,Chaco,Independencia,1262.0,2577.0,2787.0,21948.0
22077,Chaco,Libertad,714.0,1476.0,1315.0,13775.0
22084,Chaco,Libertador General San Martín,3634.0,7273.0,6801.0,65304.0
22091,Chaco,Maipú,1471.0,3024.0,2692.0,26354.0
22098,Chaco,Mayor Luis J. Fontana,3161.0,6579.0,5957.0,59798.0
22105,Chaco,9 de Julio,1620.0,3073.0,3055.0,30223.0
22112,Chaco,O'Higgins,1099.0,2597.0,2592.0,21544.0
22119,Chaco,Presidencia de la Plaza,756.0,1578.0,1527.0,13938.0
22133,Chaco,Quitilipi,1678.0,3266.0,3467.0,32430.0
22140,Chaco,San Fernando,18040.0,38963.0,36811.0,413764.0
22147,Chaco,San Lorenzo,929.0,1818.0,1693.0,16045.0
22154,Chaco,Sargento Cabral,961.0,1978.0,1866.0,18696.0
22161,Chaco,Tapenagá,207.0,437.0,432.0,4051.0
22168,Chaco,25 de Mayo,1763.0,3902.0,3842.0,32606.0
26007,Chubut,Biedma,4374.0,10375.0,10720.0,102806.0
26021,Chubut,Escalante,9406.0,21521.0,20916.0,214829.0
26028,Chubut,Florentino Ameghino,103.0,189.0,166.0,1782.0
26035,Chubut,Futaleufú,2036.0,4856.0,4864.0,49965.0
26042,Chubut,Gaiman,540.0,1179.0,1263.0,12505.0
26049,Chubut,Gastre,52.0,90.0,106.0,1181.0
26056,Chubut,Languiñeo,141.0,257.0,278.0,2862.0
26063,Chubut,Mártires,43.0,60.0,63.0,744.0
26070,Chubut,Paso de Indios,76.0,160.0,148.0,1882.0
26077,Chubut,Rawson,5876.0,13418.0,13605.0,144420.0
26084,Chubut,Río Senguer,305.0,638.0,569.0,6347.0
26091,Chubut,Sarmiento,769.0,1701.0,1568.0,14477.0
26098,Chubut,Tehuelches,267.0,643.0,573.0,5947.0
26105,Chubut,Telsen,60.0,144.0,149.0,1608.0
30008,Entre Ríos,Colón,3368.0,6990.0,6838.0,74890.0
30015,Entre Ríos,Concordia,9948.0,21468.0,19978.0,197603.0
30021,Entre Ríos,Diamante,2155.0,4458.0,4408.0,52312.0
30028,Entre Ríos,Federación,3853.0,7982.0,7519.0,78264.0
30035,Entre Ríos,Federal,1448.0,2860.0,2770.0,29436.0
30042,Entre Ríos,Feliciano,825.0,1726.0,1739.0,16717.0
30049,Entre Ríos,Gualeguay,2558.0,5466.0,5306.0,56796.0
30056,Entre Ríos,Gualeguaychú,5322.0,11769.0,11863.0,125176.0
30063,Entre Ríos,Islas del Ibicuy,707.0,1534.0,1474.0,13984.0
30077,Entre Ríos,Nogoyá,1874.0,4082.0,3958.0,42954.0
30084,Entre Ríos,Paraná,16035.0,35139.0,33841.0,388716.0
30088,Entre Ríos,San Salvador,947.0,2142.0,2168.0,20786.0
30091,Entre Ríos,Tala,1410.0,3068.0,3040.0,31091.0
30098,Entre Ríos,Uruguay,4867.0,10712.0,10867.0,115516.0
30105,Entre Ríos,Victoria,1744.0,3601.0,3681.0,40301.0
30113,Entre Ríos,Villaguay,2582.0,5389.0,5369.0,55284.0
34007,Formosa,Bermejo,987.0,2028.0,1909.0,15600.0
34014,Formosa,Formosa,11953.0,26493.0,26197.0,268572.0
34021,Formosa,Laishi,982.0,2095.0,2249.0,19275.0
34028,Formosa,Matacos,1019.0,2143.0,2126.0,17017.0
34035,Formosa,Patiño,4619.0,9940.0,8967.0,81600.0
34042,Formosa,Pilagás,1003.0,2181.0,2140.0,19089.0
34049,Formosa,Pilcomayo,4950.0,10260.0,9499.0,94116.0
34056,Formosa,Pirané,3897.0,8111.0,7924.0,72560.0
34063,Formosa,Ramón Lista,1333.0,2783.0,2594.0,17678.0
38007,Jujuy,Cochinoca,755.0,1685.0,1809.0,14998.0
38014,Jujuy,El Carmen,6190.0,13356.0,13130.0,122259.0
38021,Jujuy,Dr. Manuel Belgrano,13306.0,31256.0,30158.0,319469.0
38035,Jujuy,Ledesma,4449.0,9746.0,9741.0,94132.0
38042,Jujuy,Palpalá,2855.0,6551.0,6623.0,65522.0
38049,Jujuy,Rinconada,86.0,241.0,203.0,1797.0
38056,Jujuy,San Antonio,308.0,699.0,642.0,6729.0
38063,Jujuy,San Pedro,4211.0,9254.0,8666.0,88237.0
38070,Jujuy,Santa Bárbara,1061.0,2399.0,2226.0,20497.0
38084,Jujuy,Susques,249.0,527.0,483.0,3966.0
38094,Jujuy,Tilcara,626.0,1549.0,1568.0,14621.0
38098,Jujuy,Tumbaya,209.0,534.0,486.0,5298.0
38105,Jujuy,Valle Grande,111.0,276.0,291.0,2490.0
38112,Jujuy,Yavi,1332.0,2773.0,2856.0,25831.0
42007,La Pampa,Atreucó,420.0,980.0,1013.0,11053.0
42014,La Pampa,Caleu Caleu,110.0,272.0,308.0,2611.0
42035,La Pampa,Conhelo,607.0,1345.0,1268.0,15094.0
42042,La Pampa,Curacó,54.0,100.0,106.0,1103.0
42049,La Pampa,Chalileo,130.0,305.0,284.0,2868.0
42056,La Pampa,Chapaleufú,551.0,1149.0,1200.0,12277.0
42063,La Pampa,Chical Co,66.0,150.0,165.0,1461.0
42070,La Pampa,Guatraché,358.0,756.0,834.0,9397.0
42077,La Pampa,Hucal,286.0,590.0,628.0,7713.0
42084,La Pampa,Lihuel Calel,22.0,46.0,45.0,428.0
42091,La Pampa,Limay Mahuida,14.0,42.0,23.0,413.0
42098,La Pampa,Loventué,377.0,835.0,903.0,9243.0
42105,La Pampa,Maracó,2981.0,6549.0,6383.0,69067.0
42112,La Pampa,Puelén,614.0,1350.0,1226.0,11636.0
42119,La Pampa,Quemú Quemú,332.0,699.0,823.0,8404.0
42126,La Pampa,Rancul,509.0,1070.0,1183.0,11090.0
42133,La Pampa,Realicó,709.0,1651.0,1716.0,17356.0
42140,La Pampa,Toay,899.0,2073.0,1901.0,17927.0
42154,La Pampa,Utracán,764.0,1797.0,1746.0,17686.0
46007,La Rioja,Arauco,764.0,1645.0,1594.0,16251.0
46014,La Rioja,Capital,8628.0,19946.0,20151.0,210507.0
46021,La Rioja,Castro Barros,239.0,538.0,510.0,5810.0
46028,La Rioja,General Felipe Varela,479.0,1078.0,1024.0,11371.0
46035,La Rioja,Chamical,720.0,1360.0,1420.0,15630.0
46042,La Rioja,Chilecito,2573.0,6019.0,6444.0,58681.0
46049,La Rioja,Famatina,265.0,664.0,676.0,6984.0
46063,La Rioja,General Belgrano,346.0,677.0,715.0,7615.0
46070,La Rioja,General Juan Facundo Quiroga,187.0,362.0,388.0,4013.0
46077,La Rioja,General Lamadrid,86.0,164.0,184.0,1885.0
46084,La Rioja,General Ortiz de Ocampo,298.0,656.0,682.0,7347.0
46091,La Rioja,General San Martín,222.0,538.0,575.0,5017.0
46098,La Rioja,Vinchina,116.0,246.0,257.0,2695.0
46105,La Rioja,Independencia,111.0,241.0,275.0,2399.0
46112,La Rioja,Rosario Vera Peñaloza,745.0,1652.0,1585.0,15764.0
46119,La Rioja,San Blas de Los Sauces,194.0,429.0,437.0,4306.0
46126,La Rioja,Sanagasta,124.0,317.0,266.0,2994.0
50007,Mendoza,Capital,4557.0,9891.0,9566.0,123715.0
50014,Mendoza,General Alvear,2260.0,5385.0,5020.0,52379.0
50021,Mendoza,Godoy Cruz,7559.0,16942.0,16949.0,194557.0
50028,Mendoza,Guaymallén,14431.0,31776.0,30408.0,320871.0
50035,Mendoza,Junín,2075.0,4550.0,4372.0,46472.0
50042,Mendoza,La Paz,574.0,1305.0,1143.0,12018.0
50049,Mendoza,Las Heras,11303.0,24827.0,24319.0,233839.0
50056,Mendoza,Lavalle,2567.0,5749.0,5268.0,47086.0
50063,Mendoza,Luján de Cuyo,7858.0,17898.0,17722.0,171883.0
50070,Mendoza,Maipú,10215.0,22679.0,22043.0,218887.0
50077,Mendoza,Malargüe,1629.0,3700.0,3576.0,32596.0
50084,Mendoza,Rivadavia,2949.0,6608.0,6224.0,63589.0
50091,Mendoza,San Carlos,1961.0,4334.0,4214.0,39752.0
50098,Mendoza,San Martín,6520.0,14861.0,13665.0,139406.0
50112,Mendoza,Santa Rosa,994.0,2143.0,1963.0,19379.0
50119,Mendoza,Tunuyán,2891.0,6688.0,6381.0,59972.0
54014,Misiones,Cainguás,3382.0,7497.0,6980.0,59875.0
54021,Misiones,Candelaria,1969.0,4296.0,3959.0,34945.0
54028,Misiones,Capital,18639.0,40783.0,37968.0,391498.0
54035,Misiones,Concepción,569.0,1156.0,1172.0,10303.0
54042,Misiones,Eldorado,4724.0,10328.0,9950.0,91133.0
54049,Misiones,General Manuel Belgrano,2917.0,5949.0,5294.0,45456.0
54056,Misiones,Guaraní,4649.0,9732.0,9092.0,77075.0
54063,Misiones,Iguazú,5769.0,12219.0,11305.0,99838.0
54070,Misiones,Leandro N. Alem,2490.0,5235.0,4978.0,49391.0
54077,Misiones,Libertador General San Martín,2869.0,5931.0,5614.0,52166.0
54084,Misiones,Montecarlo,2010.0,4579.0,4293.0,38620.0
54091,Misiones,Oberá,6333.0,13783.0,12769.0,120703.0
54098,Misiones,San Ignacio,3473.0,7468.0,6811.0,63194.0
54105,Misiones,San Javier,1242.0,2808.0,2587.0,23080.0
54119,Misiones,25 de Mayo,1718.0,3671.0,3397.0,30877.0
58007,Neuquén,Aluminé,497.0,1032.0,1041.0,10173.0
58021,Neuquén,Catán Lil,138.0,316.0,273.0,2641.0
58028,Neuquén,Collón Curá,217.0,456.0,463.0,4832.0
58035,Neuquén,Confluencia,19766.0,44946.0,43523.0,467217.0
58042,Neuquén,Chos Malal,734.0,1819.0,1782.0,18289.0
58056,Neuquén,Lácar,1654.0,3767.0,3968.0,39567.0
58077,Neuquén,Minas,468.0,884.0,880.0,9267.0
58084,Neuquén,Ñorquín,269.0,563.0,535.0,5572.0
58098,Neuquén,Picún Leufú,222.0,533.0,484.0,5087.0
58105,Neuquén,Picunches,424.0,952.0,818.0,8471.0
58112,Neuquén,Zapala,2031.0,4712.0,4658.0,45540.0
62007,Río Negro,Adolfo Alsina,2598.0,6136.0,6104.0,63845.0
62014,Río Negro,Avellaneda,1938.0,4196.0,4238.0,41160.0
62021,Río Negro,Bariloche,6400.0,14905.0,14258.0,161443.0
62028,Río Negro,Conesa,345.0,723.0,660.0,7398.0
62035,Río Negro,El Cuy,309.0,780.0,699.0,6960.0
62042,Río Negro,General Roca,16354.0,37152.0,36202.0,379627.0
62049,Río Negro,9 de Julio,132.0,354.0,323.0,3682.0
62056,Río Negro,Ñorquinco,63.0,125.0,123.0,1452.0
62063,Río Negro,Pichi Mahuida,798.0,1671.0,1500.0,16493.0
62070,Río Negro,Pilcaniyeu,336.0,943.0,870.0,9309.0
62077,Río Negro,San Antonio,1492.0,3609.0,3440.0,35473.0
62084,Río Negro,Valcheta,183.0,395.0,359.0,4300.0
66014,Salta,Cachi,459.0,1080.0,896.0,8928.0
66021,Salta,Cafayate,804.0,2036.0,1948.0,17822.0
66028,Salta,Capital,27161.0,61799.0,59313.0,624003.0
66035,Salta,Cerrillos,2984.0,6901.0,6214.0,55713.0
66042,Salta,Chicoana,1137.0,2580.0,2595.0,24715.0
66049,Salta,General Güemes,2699.0,5990.0,5543.0,55746.0
66056,Salta,General José de San Martín,10488.0,22243.0,20973.0,177448.0
66063,Salta,Guachipas,185.0,343.0,323.0,3491.0
66070,Salta,Iruya,386.0,777.0,820.0,6116.0
66077,Salta,La Caldera,547.0,1219.0,1129.0,12246.0
66084,Salta,La Candelaria,343.0,775.0,743.0,7182.0
66091,Salta,La Poma,99.0,223.0,227.0,1789.0
66098,Salta,La Viña,424.0,953.0,923.0,8888.0
66112,Salta,Metán,2382.0,4909.0,4527.0,48028.0
66126,Salta,Orán,8945.0,19414.0,18614.0,159715.0
66133,Salta,Rivadavia,2651.0,5525.0,5043.0,38062.0
66140,Salta,Rosario de la Frontera,1630.0,3545.0,3349.0,33750.0
66154,Salta,San Carlos,386.0,950.0,849.0,7779.0
66161,Salta,Santa Victoria,524.0,1226.0,1265.0,9411.0
70007,San Juan,Albardón,1568.0,3634.0,3606.0,31281.0
70014,San Juan,Angaco,519.0,1181.0,1176.0,10172.0
70021,San Juan,Calingasta,606.0,1255.0,1144.0,10667.0
70028,San Juan,Capital,4264.0,9115.0,9275.0,114849.0
70042,San Juan,Chimbas,5416.0,11599.0,11513.0,103772.0
70049,San Juan,Iglesia,429.0,945.0,892.0,8826.0
70056,San Juan,Jáchal,1168.0,2384.0,2390.0,25269.0
70063,San Juan,9 de Julio,729.0,1488.0,1356.0,12498.0
70070,San Juan,Pocito,4016.0,8963.0,8679.0,72879.0
70077,San Juan,Rawson,6557.0,14695.0,14045.0,136582.0
70091,San Juan,San Martín,836.0,1863.0,1744.0,15037.0
70098,San Juan,Santa Lucía,3160.0,6657.0,6415.0,62697.0
70105,San Juan,Sarmiento,1597.0,3274.0,3361.0,27188.0
70112,San Juan,Ullum,357.0,738.0,716.0,6454.0
70119,San Juan,Valle Fértil,414.0,825.0,793.0,8425.0
70126,San Juan,25 de Mayo,1285.0,2553.0,2679.0,20824.0
70133,San Juan,Zonda,362.0,765.0,732.0,6674.0
74007,San Luis,Ayacucho,1087.0,2327.0,2527.0,23653.0
74021,San Luis,Coronel Pringles,636.0,1490.0,1601.0,16044.0
74028,San Luis,Chacabuco,1108.0,2353.0,2526.0,26522.0
74035,San Luis,General Pedernera,6523.0,14672.0,15310.0,148671.0
74042,San Luis,Gobernador Dupuy,706.0,1464.0,1539.0,14334.0
74049,San Luis,Junín,1567.0,3659.0,3927.0,40289.0
74056,San Luis,Juan Martín de Pueyrredón,10712.0,24700.0,26753.0,260769.0
74063,San Luis,Libertador General San Martín,187.0,373.0,438.0,4691.0
78007,Santa Cruz,Corpen Aike,821.0,1663.0,1594.0,15035.0
78014,Santa Cruz,Deseado,6113.0,13790.0,13818.0,126266.0
78021,Santa Cruz,Güer Aike,6145.0,14016.0,14027.0,137309.0
78028,Santa Cruz,Lago Argentino,1331.0,2815.0,2734.0,25384.0
78035,Santa Cruz,Lago Buenos Aires,752.0,1375.0,1233.0,12584.0
78042,Santa Cruz,Magallanes,625.0,1489.0,1394.0,12828.0
78049,Santa Cruz,Río Chico,353.0,744.0,671.0,6271.0
82007,Santa Fe,Belgrano,1968.0,4246.0,4258.0,48544.0
82014,Santa Fe,Caseros,3185.0,7096.0,7118.0,86261.0
82021,Santa Fe,Castellanos,8342.0,17526.0,17655.0,189464.0
82028,Santa Fe,Constitución,3679.0,8043.0,8382.0,93000.0
82035,Santa Fe,Garay,1219.0,2543.0,2176.0,24853.0
82042,Santa Fe,General López,8181.0,17783.0,17600.0,200455.0
82049,Santa Fe,General Obligado,9407.0,19144.0,19061.0,197533.0
82056,Santa Fe,Iriondo,3138.0,6722.0,6193.0,73636.0
82063,Santa Fe,La Capital,24091.0,51558.0,50536.0,568259.0
82070,Santa Fe,Las Colonias,4661.0,10020.0,10105.0,114730.0
82077,Santa Fe,9 de Julio,1464.0,3104.0,3269.0,30942.0
82084,Santa Fe,Rosario,53739.0,117871.0,111338.0,1337958.0
82091,Santa Fe,San Cristóbal,3275.0,7064.0,7015.0,72593.0
82098,Santa Fe,San Javier,1622.0,3454.0,3007.0,33180.0
82105,Santa Fe,San Jerónimo,3767.0,7813.0,7524.0,84617.0
82112,Santa Fe,San Justo,2052.0,4407.0,4310.0,46486.0
82119,Santa Fe,San Lorenzo,9067.0,19715.0,17952.0,193786.0
82126,Santa Fe,San Martín,2844.0,6077.0,5988.0,67299.0
82133,Santa Fe,Vera,2772.0,5622.0,5549.0,55463.0
86014,Santiago del Estero,Alberdi,1184.0,2442.0,2391.0,20104.0
86028,Santiago del Estero,Avellaneda,1481.0,3000.0,3197.0,25462.0
86035,Santiago del Estero,Banda,9064.0,18598.0,17239.0,170401.0
86042,Santiago del Estero,Belgrano,585.0,1115.0,1075.0,10809.0
86049,Santiago del Estero,Capital,15140.0,31921.0,30489.0,328824.0
86056,Santiago del Estero,Copo,2124.0,4205.0,4433.0,35653.0
86063,Santiago del Estero,Choya,2071.0,4467.0,4639.0,43692.0
86070,Santiago del Estero,Figueroa,1183.0,2373.0,2525.0,20246.0
86077,Santiago del Estero,General Taboada,2553.0,5109.0,5508.0,46304.0
86084,Santiago del Estero,Guasayán,494.0,929.0,952.0,9251.0
86091,Santiago del Estero,Jiménez,980.0,1990.0,2101.0,18622.0
86098,Santiago del Estero,Juan Felipe Ibarra,1139.0,2575.0,2628.0,20567.0
86105,Santiago del Estero,Loreto,1155.0,2577.0,2659.0,24047.0
86112,Santiago del Estero,Mitre,62.0,120.0,159.0,1440.0
86119,Santiago del Estero,Moreno,2441.0,4781.0,5233.0,40352.0
86126,Santiago del Estero,Ojo de Agua,758.0,1482.0,1570.0,15008.0
86140,Santiago del Estero,Quebrachos,741.0,1334.0,1347.0,12336.0
86147,Santiago del Estero,Río Hondo,3438.0,7369.0,6937.0,66637.0
86154,Santiago del Estero,Rivadavia,261.0,561.0,533.0,5314.0
86161,Santiago del Estero,Robles,2959.0,6060.0,6126.0,53879.0
86168,Santiago del Estero,Salavina,666.0,1443.0,1694.0,12775.0
86175,Santiago del Estero,San Martín,610.0,1345.0,1495.0,11183.0
86182,Santiago del Estero,Sarmiento,286.0,630.0,593.0,5034.0
86189,Santiago del Estero,Silípica,464.0,1008.0,1059.0,9766.0
90007,Tucumán,Burruyacú,2331.0,5233.0,4933.0,45459.0
90014,Tucumán,Cruz Alta,11658.0,25245.0,23969.0,227688.0
90021,Tucumán,Chicligasta,4203.0,9110.0,9000.0,92308.0
90028,Tucumán,Famaillá,2322.0,4753.0,4570.0,42669.0
90035,Tucumán,Graneros,800.0,1629.0,1578.0,15539.0
90042,Tucumán,Juan Bautista Alberdi,1586.0,3478.0,3547.0,34745.0
90049,Tucumán,La Cocha,992.0,2167.0,2302.0,21196.0
90063,Tucumán,Lules,4717.0,10920.0,10146.0,93464.0
90070,Tucumán,Monteros,3579.0,7986.0,7855.0,77469.0
90077,Tucumán,Río Chico,3011.0,6593.0,6541.0,64927.0
90084,Tucumán,Capital,24461.0,51884.0,50203.0,587289.0
90091,Tucumán,Simoca,1709.0,3784.0,3652.0,36946.0
90098,Tucumán,Tafí del Valle,1010.0,2270.0,2092.0,22382.0
90105,Tucumán,Tafí Viejo,8495.0,18682.0,17835.0,172877.0
90112,Tucumán,Trancas,1163.0,2451.0,2433.0,23438.0
90119,Tucumán,Yerba Buena,4689.0,10227.0,9933.0,102589.0
94014,Tierra del Fuego,Ushuaia,3576.0,7604.0,7531.0,85506.0
2000,Ciudad de Buenos Aires,CABA,87535.0,201989.0,206424.0,3095454.0
6070,Buenos Aires,Baradero,1697.0,3706.0,3863.0,39223.0
6189,Buenos Aires,Coronel Dorrego,632.0,1368.0,1471.0,15795.0
6270,Buenos Aires,Ezeiza,9825.0,21962.0,21255.0,198620.0
6315,Buenos Aires,General Juan Madariaga,909.0,2191.0,2443.0,22566.0
6351,Buenos Aires,General Pinto,585.0,1131.0,1166.0,12842.0
6392,Buenos Aires,General Villegas,1510.0,3412.0,3505.0,35055.0
6455,Buenos Aires,Las Flores,1101.0,2355.0,2520.0,27136.0
6490,Buenos Aires,Lomas de Zamora,28806.0,65571.0,65827.0,685644.0
6574,Buenos Aires,Navarro,828.0,1995.0,2088.0,19888.0
6581,Buenos Aires,Necochea,3905.0,9031.0,9308.0,101483.0
6595,Buenos Aires,Olavarría,4840.0,11123.0,11482.0,122011.0
6735,Buenos Aires,San Antonio de Areco,1168.0,2443.0,2552.0,26695.0
6791,Buenos Aires,Tandil,5517.0,12620.0,12661.0,144678.0
6833,Buenos Aires,Tres Arroyos,2432.0,5501.0,5498.0,61889.0
6847,Buenos Aires,Tres Lomas,380.0,834.0,857.0,9090.0
6868,Buenos Aires,Villa Gesell,1476.0,3608.0,3914.0,37325.0
10042,Catamarca,Capayán,898.0,1892.0,2038.0,19471.0
14070,Córdoba,Minas,215.0,424.0,459.0,4855.0
14091,Córdoba,Punilla,8649.0,19630.0,19914.0,219494.0
14098,Córdoba,Río Cuarto,11863.0,24667.0,24383.0,277979.0
14147,Córdoba,Santa María,6745.0,14361.0,13444.0,139012.0
18175,Corrientes,Sauce,529.0,1061.0,1125.0,10382.0
22126,Chaco,1º de Mayo,760.0,1577.0,1255.0,14265.0
26014,Chubut,Cushamen,1171.0,2754.0,2779.0,28099.0
42028,La Pampa,Catriló,372.0,880.0,812.0,8225.0
42147,La Pampa,Trenel,249.0,506.0,501.0,5637.0
46056,La Rioja,Ángel Vicente Peñaloza,138.0,333.0,315.0,3184.0
50105,Mendoza,San Rafael,9770.0,21325.0,20280.0,213204.0
54112,Misiones,San Pedro,2266.0,4904.0,4347.0,34690.0
58014,Neuquén,Añelo,1024.0,2170.0,1931.0,18150.0
58049,Neuquén,Huiliches,1002.0,2147.0,2064.0,20853.0
58063,Neuquén,Loncopué,395.0,811.0,739.0,7696.0
58070,Neuquén,Los Lagos,655.0,1557.0,1617.0,15502.0
58091,Neuquén,Pehuenches,1538.0,3445.0,3451.0,29721.0
62091,Río Negro,25 de Mayo,793.0,1600.0,1647.0,16555.0
66119,Salta,Molinos,302.0,716.0,715.0,5808.0
66147,Salta,Rosario de Lerma,2668.0,5684.0,5260.0,50961.0
86021,Santiago del Estero,Atamisqui,822.0,1820.0,1943.0,14894.0
86133,Santiago del Estero,Pellegrini,1418.0,3051.0,3044.0,26193.0
90056,Tucumán,Leales,3089.0,6760.0,6775.0,66352.0
6266,Buenos Aires,Exaltación de la Cruz,1929.0,4195.0,3943.0,40036.0
6638,Buenos Aires,Pilar,18864.0,42505.0,42147.0,393614.0
30070,Entre Ríos,La Paz,3579.0,7842.0,7468.0,75271.0
38028,Jujuy,Humahuaca,1040.0,2442.0,2406.0,20877.0
38077,Jujuy,Santa Catalina,172.0,302.0,312.0,2641.0
50126,Mendoza,Tupungato,2125.0,4851.0,4627.0,41168.0
54007,Misiones,Apóstoles,2821.0,5788.0,5554.0,50503.0
66007,Salta,Anta,3627.0,8007.0,7857.0,69442.0
66105,Salta,Los Andes,495.0,962.0,940.0,7182.0
86007,Santiago del Estero,Aguirre,434.0,908.0,937.0,8959.0
70035,San Juan,Caucete,2312.0,4835.0,5028.0,44017.0
6084,Buenos Aires,Benito Juárez,916.0,1912.0,2071.0,21185.0
42021,La Pampa,Capital,4696.0,11128.0,10975.0,118504.0
74014,San Luis,Belgrano,260.0,561.0,542.0,5575.0
70084,San Juan,Rivadavia,4713.0,10029.0,9662.0,101334.0
6203,Buenos Aires,Coronel Suárez,1573.0,3775.0,3647.0,41713.0
94007,Tierra del Fuego,Río Grande,5093.0,10882.0,10602.0,104949.0
