nro_conabip,mail
2170,barrerabp@hotmail.com
90,No posee mail
4001,No posee mail
4260,neanvi@yahoo.com.ar
4136,bibliotecabravo@yahoo.com.ar
2790,No posee mail
4155,biblioduprat@gmail.com
3046,bibliotecapadremugica@hotmail.com
3033,bibliotecadeplatanos@yahoo.com.ar
2490,No posee mail
2492,No posee mail
3692,pascualruberto@hotmail.com
3749,No posee mail
2135,bpjimechita@live.com.ar
4142,bpjiwarnes@yahoo.com.ar
4166,gallardosandra@hotmail.com
1002,bpalmafuerte@hotmail.com
4289,biblioellibroalegre@hotmail.com.ar
3045,No posee mail
113,bpsarmiento113@yahoo.com.ar
3189,biblioteka_jso@yahoo.com
4334,bibliomercedesdesanmartin@gmail.com
2225,No posee mail
1883,No posee mail
2151,No posee mail
2810,bpdfsts@yahoo.com.ar
3926,bibliotecahugodelcarril@gmail.com
4051,bibliostomas@yahoo.com.ar
4242,bpdemuro@live.com.ar
4170,bibliotecaflorenciosanchez@yahoo.com.ar
3518,biblioteca_miramar@yahoo.com.ar
276,No posee mail
174,No posee mail
126,No posee mail
2824,No posee mail
3922,bibliotecapopularjuan23@hotmail.com
2501,bibpopmm_lostoldos@yahoo.com.ar
4280,No posee mail
3196,biblio@cseca.com.ar
3194,biblio@servicoopsa.com.ar
3197,blynch@servicoopsa.com.ar
3339,biblioteca_fortingainza09@hotmail.com
4069,bparditirocha@hotmail.com
2923,No posee mail
3621,biblioapalacios@yahoo.com.ar
139,No posee mail
1054,No posee mail
1412,No posee mail
1874,armando_de_miguel@hotmail.com
4368,bibliotecasobral@yahoo.com.ar
4299,bibliotecamflara@hotmail.com
3293,fundaciondeliacdea@gmail.com
4182,bibliotecapopularrotaria@yahoo.com.ar
3203,bibalma@yahoo.com.ar
4338,bibliotecapopularimagen121@gmail.com
4041,biblioteca308@yahoo.com.ar
2585,bibliofameghino@yahoo.com.ar
165,bibliotecaalborada@yahoo.com
1483,No posee mail
2127,bprepetto@gmail.com
2757,No posee mail
4288,delotroladodelarbol@hotmail.com
3956,No posee mail
2438,No posee mail
4066,bibliotecatupacamaru@yahoo.com.ar
150,No posee mail
3431,bibliopopameghino@hotmail.com
294,bibliotecasarmiento@yahoo.com.ar
2134,bplaprida@yahoo.com.ar
1326,No posee mail
87,bibliotecapopular@live.com.ar
1684,bibliobayauca@hotmail.com
3946,No posee mail
177,bibliotecasarmientocoop@hotmail.com.ar
1232,No posee mail
175,ccplbsarmiento@yahoo.com.ar
1193,bibliocapponi@yahoo.com.ar
3796,No posee mail
3979,No posee mail
3823,No posee mail
4340,lecturaenck@gmail.com
168,salonesbibliotecaameghino@gmail.com
3656,No posee mail
3351,No posee mail
3999,info@bibliotecaguiraldes.com.ar
2243,biblioteca@cbmm.com.ar
2324,bibliogiuffra@hotmail.com
3012,No posee mail
197,No posee mail
1309,joseestrada@arnet.com.ar.
201,bibliotecaferroviaria@hotmail.com
202,No posee mail
3652,biblioteca_amoroso@yahoo.com.ar
3939,No posee mail
2371,bibliotecasb@yahoo.com.ar
1977,No posee mail
213,bibliotecamenendez@yahoo.com.ar
4366,bibliotecamanzanares@hotmail.com
2887,biblioteca@telpin.com.ar
2209,No posee mail
3984,bibliotecafundaterra@yahoo.com.ar
2090,bibbosco@hotmail.com
3878,No posee mail
221,bibliotecapopulargsrauch@gmail.com
233,No posee mail
230,rot14@hotmail.com
2815,bmarianomoreno@yahoo.com.ar
3403,No posee mail
231,noticiasmadero@gmail.com
3060,No posee mail
223,No posee mail
3994,bibliorioplatense@hotmail.com
4073,bibliomurillo@yahoo.com.ar
3658,bibliotecaentretodos@yahoo.com.ar
4116,bibdelcarmen709@gmail.com
226,No posee mail
1921,No posee mail
1502,bibliotecaymuseo@yahoo.com.ar
4367,biblioviejaescuela@gmail.com
238,bibliotecajbalberdi@yahoo.com.ar
3010,biblioteca_valor@hotmail.com
4319,No posee mail
3768,No posee mail
3475,No posee mail
4216,bibliotroncos@yahoo.com.ar
3770,No posee mail
3296,labibliomoreno@gmail.com
1299,catriel_h@hotmail.com
3383,biblioretaunmuli@3net.com.ar
3267,bibsanfrabe@yahoo.com.ar
4193,bibpopsanmartin@gmail.com
4195,No posee mail
3648,No posee mail
3871,No posee mail
729,No posee mail
3701,No posee mail
2365,No posee mail
3712,No posee mail
2958,bibpop-lacarrera@yahoo.com.ar
2850,No posee mail
1020,No posee mail
3579,No posee mail
742,No posee mail
3630,No posee mail
4105,bibliotecalaleonesa@yahoo.com.ar
3465,bibliotecapueyrredon@gmail.com
3671,No posee mail
3675,No posee mail
3458,anexo@vai.com.ar
3353,bib_pop_estrada_plaza@hotmail.com
2608,bibliotecaremediosdeescalada@yahoo.com.ar
2686,bibliotecabelgrano@gmail.com
3184,No posee mail
3343,No posee mail
3437,biblioprin@yahoo.com.ar
3535,bibliotecabarzana@hotmail.com
3711,No posee mail
4180,No posee mail
3316,No posee mail
3506,bcapoptroncoso@hotmail.com
3569,No posee mail
3800,No posee mail
4249,bibliotecatolkeyen@yahoo.com.ar
3235,No posee mail
3244,No posee mail
3607,No posee mail
3414,No posee mail
2453,clara_petachi@hotmail.com
3584,No posee mail
4252,tesis11@tesis11.org.ar
1843,bibliotecabelisarioroldan@yahoo.com.ar
1975,No posee mail
4341,biblio.26dejulio@gmail.com
947,bpcienciaylabor@gmail.com
1351,susanapariani@hotmail.com
2177,bibliotecapopularmarianoboedo@yahoo.com.ar
2916,bibazarolagil@hotmail.com
2992,No posee mail
3019,bibliobocajuniors@yahoo.com.ar
4006,No posee mail
4034,bibliotecapopularpiedrabuena@gmail.com
4207,carlossanchezviamonte@yahoo.com.ar
25,bibliotecaobrerajuanbjusto@gmail.com
62,No posee mail
77,No posee mail
78,bibliotecajerodo@yahoo.com.ar
4347,No posee mail
3904,bibliopopularf.enrique@hotmail.com
4346,bibliotecapopularlosreartes@gmail.com
2768,No posee mail
3769,biblio.vgb@gmail.com
534,No posee mail
3905,bibpopmijardin@gmail.com
4322,bpbinaudi@gmail.com
4351,bibliotecacasadelpueblo@gmail.com
2157,No posee mail
3665,No posee mail
4037,bpdelcampillo@delcampillocoop.com.ar
3772,No posee mail
4398,bibliotecavillavaleria@gmail.com
3031,No posee mail
567,secretaria_gral@bibliotecarivadavia.edu.ar
3691,biblioteca_altamira@hotmail.com
3958,No posee mail
2330,bp2330@bepe.ar
1071,No posee mail
555,No posee mail
588,bibliosarmiento1915@yahoo.com.ar
2851,No posee mail
3138,No posee mail
4244,biblio_alejocg@hotmail.com
3586,bpguerbe@hotmail.com
864,No posee mail
3620,info@ordendelcolmenar.com.ar
3983,bibliohornillos@yahoo.com.ar
4145,biblioalicia16@yahoo.com.ar
2008,No posee mail
3576,No posee mail
1541,bibliotecapopular4@gmail.com
4392,bpgarabatos@gmail.com
527,No posee mail
3596,biblioppmfierrolp@hotmail.com
3731,No posee mail
1419,No posee mail
2737,malambo_laborde@yahoo.com.ar
4218,m10ruben@hotmail.com
1070,No posee mail
1078,bpjcontte1078@yahoo.com.ar
3346,No posee mail
3813,bibliotevaperon@arnet.com.ar
4202,bpcbobsin@hotmail.com
4104,bibliopopfm@hotmail.com
3078,cuatiarenda_@hotmail.com
1913,No posee mail
4380,No posee mail
502,bibliotecapopularrivera@hotmail.com
3438,No posee mail
1547,No posee mail
3375,bibliotecapopularpasolibres@hotmail.com
522,No posee mail
4239,bibliotecaarroyobaru@hotmail.com
306,bpfiatlux@gmail.com
3482,freddimartin@hotmail.com
381,bpgmitre@yahoo.com.ar
334,biblioteca_ramirez@yahoo.com.ar
4355,bipo_sabe@outlook.com
2596,No posee mail
4396,bernardi.bibliotecapopular@gmail.com
340,institutomagnasco@hotmail.com
2862,No posee mail
3608,biblio.l.alem@hotmail.com
4000,No posee mail
4013,No posee mail
4054,bpcup2001@yahoo.com.ar
4078,serprotagonistas@gmail.com
3917,bibliosansalvador@yahoo.com.ar
3943,No posee mail
364,bibliotecatala@gmail.com
886,bluzobrera1919@yahoo.com.ar
4146,bibliojherrera@yahoo.com.ar
4164,No posee mail
328,No posee mail
3330,bpsimonotto@fibertel.com.ar
3842,No posee mail
3180,No posee mail
3516,No posee mail
3955,jjbogarin@hotmail.com
3818,No posee mail
3207,No posee mail
3462,cesarmamani29@yahoo.com.ar
3895,No posee mail
3237,No posee mail
1198,silvio_valencia@hotmail.com
3219,biblmonterrico@gmail.com
4163,No posee mail
3251,bibliotecaerosiri@gmail.com
2137,bibliotecariglos@yahoo.com.ar
3386,biblioanguil@gmail.com
2317,biblo2317@gmail.com
3382,No posee mail
3617,biblioconhello@yahoo.com.ar
2316,biblomn@yahoo.com.ar
1646,popularsarmiento@yahoo.com.ar
2786,bibliotecammoreno@yahoo.com.ar
3309,falciola@cooparauz.com.ar
3546,bibliocq@hotmail.com
2803,bibliotecajvg@yahoo.com.ar
2807,bibliotecagarro@gmail.com
816,bpraulbdiaz@yahoo.com.ar
805,bibmartini@hotmail.com
2355,bibliotecaingenieroluiggi@hotmail.com
3434,gildarodriguez_73@hotmail.com
819,bibliosm@cospec.com.ar
897,bibliotecatoay@cpenet.com.ar
724,No posee mail
725,enriquealbertostoller@hotmail.com
2672,No posee mail
3209,No posee mail
3932,No posee mail
2188,bibliotecadimarco@yahoo.com.ar
2131,bp2131sarmiento@yahoo.com.ar
4314,No posee mail
4255,noemi84@live.com.ar
3625,No posee mail
4315,bibliocarrodilla@live.com.ar
4159,bibliolascompuertas@gmail.com
2875,bibliopmalberdi@yahoo.com.ar
4325,biblio_benitojuarez@yahoo.com.ar
4138,No posee mail
4183,No posee mail
4271,bibliotecagutierrez@gmail.com
3463,No posee mail
692,bip692@hotmail.com
3271,bibliotecadionisiochaca@gmail.com
3750,No posee mail
3981,labibliotecadelallave_ml@yahoo.com.ar
4102,No posee mail
3282,saltodelasrosasbiblioteca@yahoo.com.ar
4099,No posee mail
4018,No posee mail
4095,bibliotecapopulartupungato@gmail.com
3815,No posee mail
3970,No posee mail
3501,No posee mail
3300,No posee mail
3602,No posee mail
2950,bibliotecaeldorado@hotmail.com
3461,No posee mail
3544,No posee mail
4363,No posee mail
3875,No posee mail
4247,bibliopopu.sanpedro@gmail.com
3260,No posee mail
2747,bibliotecachrodriguez@gmail.com
3354,No posee mail
3102,No posee mail
4296,bibliopopespaciodelibertad@yahoo.com.ar
3143,bibliojuanbenigar@hotmail.com
3168,bibliotecavalentinsayhueque@hotmail.com
3023,bpgalvarez@yahoo.com.ar
3764,No posee mail
3097,bipopclq@yahoo.com.ar
4305,bibpopjfernandez@hotmail.com
827,No posee mail
3833,No posee mail
1522,bibliotecapopularjacobacci@yahoo.com.ar
3619,No posee mail
830,biblioteca.mitre@yahoo.com.ar
832,bibliotecachoelechoel@yahoo.com.ar
2128,bibliopizzurnobeltran@gmail.com
3224,No posee mail
3967,No posee mail
2906,No posee mail
3903,biblioteca_mundo_feliz@yahoo.com.ar
2922,bpamigosdellibro@hotmail.com
2114,bibliotecapopularroca@gmail.com
3600,amancaybibliotecapopular@yahoo.com.ar
3831,No posee mail
3107,No posee mail
4148,bibliotecanorquinco@gmail.com
2968,biblionov@yahoo.com.ar
3930,bibliotecapopulardinahuapi@gmail.com
3996,No posee mail
4131,No posee mail
4385,barriolamadrid326@gmail.com
3708,No posee mail
3781,bibliotecapopularmariaestergauna@hotmail.com
3868,bibaparicio@hotmail.com
3953,No posee mail
3973,No posee mail
3938,bibliotecacerrillos@yahoo.com.ar
2574,No posee mail
1828,No posee mail
4109,bibliotecaamparofdemaidana@yahoo.com.ar
3373,No posee mail
3695,No posee mail
3286,bibliotecapopularelgalpon@yahoo.com.ar
2849,No posee mail
4056,No posee mail
4048,No posee mail
753,No posee mail
3609,No posee mail
4004,No posee mail
700,No posee mail
704,No posee mail
1887,No posee mail
4372,No posee mail
3133,bibliosanjuan@hotmail.com
707,No posee mail
4084,No posee mail
1898,No posee mail
4027,No posee mail
3706,oscarobles01@gmail.com
714,bibliovallefertil@hotmail.com 
3268,No posee mail
4036,No posee mail
3221,No posee mail
3411,No posee mail
595,No posee mail
3504,labibliopopular@yahoo.com.ar
3056,poetaaguero@merlo_sl.com.ar
3594,bipa6@live.com.ar
4369,bibliotecapopular.elfaro@gmail.com
3396,No posee mail
3216,bibliourbanojnunez9@yahoo.com.ar
3399,No posee mail
3242,bibliobornemann@gmail.com
4072,No posee mail
4186,biblioteborges@hotmail.com
3358,No posee mail
4046,biblocs@hotmail.com
1789,bpsarmientoarmstrong@yahoo.com.ar
2136,No posee mail
1600,bibliotortugas@hotmail.com
1138,No posee mail
2905,No posee mail
2189,biblbelgrano@gmail.com
2601,bibliotecadeangelica@hotmail.com.ar
2927,biblioteca2927@yahoo.com.ar
3986,bp.mm@hotmail.com
1654,No posee mail
1680,aropalo@yahoo.com.ar
424,bibliotecajbmolina@gmail.com
481,bibliopeyrano@gmail.com
2945,biblio2945amenabar@hotmail.com
1952,biblioteca_chovet@hotmail.com
3447,bpsarmiento1963@gmail.com
3029,bibliohug@gmail.com
2276,No posee mail
1024,No posee mail
2840,bp2840@bepe.ar
4154,bp15dejunio@yahoo.com.ar
2867,No posee mail
426,biblioteca@malabrigo.com
3664,No posee mail
2012,biblio_marianomoreno@hotmail.com.ar
2208,biblioppizzurno@hotmail.com
1041,c3biblpizzurno1@yahoo.com.ar
463,dgsilva23@hotmail.com
2611,bibliotecambooz@gmail.com
4330,biblioamilcarrenna@gmail.com
4206,bibliotecagunziger@hotmail.com
4298,bibliotecapopularnuevotorino@gmail.com
4377,No posee mail
2811,bibliosantodomingo@gmail.com
470,bibliocgspano@msn.com
1265,biblioteca25demayo@gmail.com
4220,bibliotecajuliomigno@hotmail.com
442,No posee mail
1063,No posee mail
3199,bibalfonsina@gmail.com
3710,No posee mail
4114,No posee mail
4257,No posee mail
3923,bpedronisoldini@yahoo.com.ar
3892,bibliotecauranga@hotmail.com
4397,cr19.biblioteca@gmail.com
427,No posee mail
3948,biblioalas@vtcc.com.ar
3155,bpd@romang.trcnet.com.ar
4356,bibliotecap_loslibrosyelrio@outlook.com.ar
420,bibliotecagalvez@cablenet.com.ar
476,biblalcacer@hotmail.com
466,No posee mail
3570,bibcb@hotmail.com
2038,bibliotecapopular.almafuerte@gmail.com
2631,No posee mail
1838,bpsme@sme.com.ar
3451,No posee mail
4231,No posee mail
3975,No posee mail
615,No posee mail
4323,No posee mail
619,No posee mail
3174,bibliotecadbravo@hotmail.com
4089,mishquila8@hotmail.com
1081,No posee mail
1204,bpaalvarez@hotmail.com
2084,bibliotecarrojas@gmail.com
2262,No posee mail
2578,No posee mail
3496,bpclubdemaestros@hotmail.com
3920,No posee mail
4057,biblioteca_marmol@hotmail.com
4067,No posee mail
4225,No posee mail
3927,No posee mail
4025,No posee mail
3816,bibliotecaeduardomiguel@hotmail.com
4107,No posee mail
1863,No posee mail
2813,No posee mail
2108,No posee mail
3370,No posee mail
2597,bibliotecaeduardoschmidt@hotmail.com.ar
1180,No posee mail
2130,No posee mail
3120,No posee mail
4050,bibliosaberciudadano@hotmail.com
3539,biblugones@hotmail.com
1611,No posee mail
652,No posee mail
2356,No posee mail
3116,biblioarancibia@hotmail.com
4303,No posee mail
635,No posee mail
88,No posee mail
1554,eleana_1983@hotmail.com
2870,bibliorojaspaz@gmail.com
3719,bibliotecapopularpteavellaneda@yahoo.com.ar
3051,bnicolasavellaneda@yahoo.com.ar
3392,No posee mail
3587,bibliotecamallea@yahoo.com.ar
4022,bibpopgabmistral@yahoo.com.ar
1465,bibliomarianomorenoiw@gmail.com
3132,bibliotecapronsato@yahoo.com.ar
2159,No posee mail
2723,bipopbernaltorres@gmail.com
1769,bpurdampilleta@yahoo.com.ar
2191,bbelgrano@yahoo.com.ar
1266,bibliotecapopulardfsarmiento@hotmail.com
268,bibliotejedor@yahoo.com.ar
270,bibliocada@yahoo.com.ar
105,bibliotecanovaro@hotmail.com
1312,No posee mail
3483,biblioelperdido@gmail.com
3894,bibliotecapopularhuanguelen@gmail.com
3647,No posee mail
4065,anamzanoni@yahoo.com.ar
1673,bp20dediciembre@gmail.com
3499,arravera@hotmail.com
3891,No posee mail
131,bibliofbalcarce@yahoo.com.ar
2914,nesoa_07@yahoo.com.ar
3633,bibliogranada@yahoo.com.ar
4002,bibliotecalatradicion@yahoo.com.ar
3696,biblo093@yahoo.com.ar
3574,bibliotecamardeltuyu@yahoo.com.ar
3910,No posee mail
3128,ctc0057@hotmail.com
3241,No posee mail
4010,amigosdelatablada@yahoo.com.ar
3736,No posee mail
1747,No posee mail
1830,No posee mail
2436,bibliojuanvucetich@gmail.com
2546,No posee mail
3313,No posee mail
3877,biblioteca_elizalde@yahoo.com.ar
3954,casadeltango_lp@hotmail.com.ar
4171,ongenlazandopalabras@hotmail.com
1920,bibpopmarianomoreno@hotmail.com
4117,No posee mail
3153,nuevabibliomatienzo@hotmail.com
279,No posee mail
3622,bibliopopularsanmanuel@gmail.com
4196,bipopu_argentinos07@yahoo.com.ar
4115,bibjuliocortazar@yahoo.com.ar
2401,bibliolonghi@hotmail.com
3754,bibliotecasanjose2000@yahoo.com.ar
4262,No posee mail
4241,bibliotecadepiran@yahoo.com.ar
3303,No posee mail
3949,No posee mail
4336,bibliotkalmafuerte@gmail.com
3886,No posee mail
4106,No posee mail
4274,biblioparlantesur@hotmail.com
3901,biblioteca_jsgaviota@hotmail.com
1710,No posee mail
3552,biblioquequen@hotmail.com
3889,No posee mail
215,bibrivadavia@gmail.com
1743,bibliomo@hotmail.com
3966,bibliopuma@yahoo.com.ar
4250,marianoadot6@yahoo.com.ar
2984,No posee mail
98,No posee mail
3157,bibliozampa@hotmail.com
3697,bibliomunicipal.rivadavia@gmail.com
3829,No posee mail
210,bib.sarmiento.pigue@gmail.com
3659,No posee mail
4031,No posee mail
4061,No posee mail
192,No posee mail
3866,No posee mail
287,bibliopopsanmartin2001@yahoo.com.ar
3628,No posee mail
3960,No posee mail
2830,bibliopombo@gmail.com
4178,humbertobielli@hotmail.com
2691,No posee mail
1228,bibliotecadfsarmiento@gmail.com
997,bpsarkorn@yahoo.com.ar
3802,bpalbarracin@yahoo.com.ar
3906,bibliotecaghezzi@gmail.com
4132,No posee mail
3050,biblios@netben.com.ar
3689,bpjingenieros@hotmail.com
3262,bibliotecasaldungaray@gmail.com
4120,bpmacedonio@gmail.com
2405,No posee mail
2275,bibitalar@hotmail.com
3727,biblo15deagosto@hotmail.com
2711,biblioteca_jose_ingenieros@yahoo.com.ar
1191,biblioalmafuerte@hotmail.com
3880,No posee mail
3830,bibliotecapopularbdelom@yahoo.com.ar
2954,No posee mail
3797,No posee mail
3526,No posee mail
3017,No posee mail
3471,No posee mail
3469,bibliotecapopularfranco@hotmail.com
3654,bibliotecasantarosa@yahoo.com.ar
1377,No posee mail
3310,biblpoparc@yahoo.com.ar
3389,gladysf_cajcepn7@yahoo.com.ar
3409,bibliovigil21@gmail.com
2999,No posee mail
3548,bibliotecaaguado_lv@hotmail.com
3456,bcajaimehomar@yahoo.com.ar
3673,bibliotecabp136@hotmail.com.ar
3612,No posee mail
3555,No posee mail
783,bibliommoreno@hotmail.com
3450,bib.juanramonlestani@hotmail.com
4313,bibliotecamalvinas@hotmail.com
3005,delcentenario1@hotmail.com
3349,bibpopesas@hotmail.com
3418,bibliotecaurdapilleta@hotmail.com.ar
3446,bibliope_bartolomemitre@hotmail.com
3564,No posee mail
3549,domingocapozzolo@yahoo.es
3000,bibricardoguiraldes@yahoo.com.ar 
4259,bibliotecachubutparatodos@hotmail.com
4047,bibrincon@gmail.com
3899,ledmuriel@yahoo.com
4331,hola@labibliotecadeastra.com
3773,No posee mail
3378,karinaovelar@hotmail.com
3080,bibpopfcoguerra84@hotmail.com
2551,biblioteca2551@yahoo.com.ar
3402,No posee mail
3667,No posee mail
2675,No posee mail
4266,bplamemoria@gmail.com
4318,No posee mail
1943,bibliotecabrivadavia@yahoo.com.ar
2111,centroproteccion@latinmail.com
3270,No posee mail
4197,bpflacroze@gmail.com
28,bibliotecapueyrredon@hotmail.com
3645,bibliotecarojas@yahoo.com.ar
870,biblialberdi@yahoo.com.ar
3218,No posee mail
3572,bibliotecapopularhugowast@yahoo.com.ar
3845,biblioalfonsinastorni@gmail.com
4028,bpatahualpa@hotmail.com
4309,bibliopopmadretc@yahoo.com.ar
547,No posee mail
4290,bping.dumesnil@hotmail.com
2924,No posee mail
582,No posee mail
3723,bpjhernandez@hotmail.com
2615,bibpopjlc@yahoo.com.ar
2884,No posee mail
2424,No posee mail
1758,juanbenitzbiblioteca@gmail.com
1867,bibliotecapopularsarmiento@yahoo.com.ar
2148,No posee mail
3568,bpbischoff@hotmail.com
2900,No posee mail
2866,bibliotecarrojas@hotmail.com
1500,juanbalberdi1500@yahoo.com.ar
584,No posee mail
4312,bpjlborgeslapuerta@hotmail.com
4395,bibliotecaelmanantialcb@gmail.com
4294,bibliotecapopulardeluyaba@yahoo.com.ar
3666,No posee mail
3931,fernandoercole@hotmail.com
2265,No posee mail
3997,bpmarianomoreno@yahoo.com.ar
3044,No posee mail
3744,No posee mail
4362,bplaurdimbre@gmail.com
4126,bibliomanuelamedina@yahoo.com.ar
2081,No posee mail
1837,atleticopascanas@yahoo.com.ar
492,No posee mail
494,No posee mail
3298,librosabato@yahoo.com.ar
3368,No posee mail
4165,coembapora@yahoo.com.ar
501,bpsarmientogoya@gmail.com
1957,bibliotecapopularalvear@hotmail.com
504,No posee mail
3472,bpleamosjuntos2010@hotmail.com
2419,No posee mail
1530,bibliotecasarmientomercedes@gmail.com
1918,No posee mail
4088,bpramonbarboza@hotmail.com
3559,No posee mail
3285,bp3285@bepe.ar
512,biblioteca512@hotmail.com
523,No posee mail
3778,No posee mail
385,bibliotecapopularurquiza@multichajari.com.ar 
338,bibliotecapop.67@gmail.com
3614,luzdeprovincia@arnet.com.ar
2266,bibliotecalopezjordangchu@gmail.com
3798,bpsm3798@hotmail.com
330,No posee mail
370,No posee mail
3401,bibliotecase@hotmail.com
3290,laviejaestacionhernandez@hotmail.com
4297,No posee mail
3511,No posee mail
401,bibliotecacarruego@gmail.com 
303,bibliotecapopularelporvenir@yahoo.com.ar
4359,bibliotecapopularsanjusto@hotmail.com
384,No posee mail
787,No posee mail
3435,No posee mail
3636,No posee mail
4236,No posee mail
2976,No posee mail
3314,bipopesfo@hotmail.com
2964,No posee mail
3780,No posee mail
3976,No posee mail
4275,No posee mail
3307,No posee mail
769,No posee mail
770,No posee mail
3682,No posee mail
3227,No posee mail
3275,No posee mail
4267,No posee mail
4281,No posee mail
772,No posee mail
4124,biblioteca_emorisoli@hotmail.com
3839,bp3839@bepe.ar
3321,No posee mail
3722,ivaveroferrer@yahoo.com.ar
3181,biblio_mayer@yahoo.com.ar
3563,No posee mail
3874,bibabramo@hotmail.com
1509,biblio_mb_luantoro@hotmail.com
815,bibliorica@yahoo.com.ar
808,bibliotecaestrada@yahoo.com
3231,josehernandezbp@yahoo.com.ar
2122,No posee mail
1477,bibliotecacaleufu@yahoo.com.ar
2457,No posee mail
823,biblioquetre@cernet.com.ar
3308,No posee mail
2647,bibliotecatrenel@yahoo.com.ar
719,No posee mail
1345,bmarcelinoreyes@gmail.com
3529,No posee mail
3918,No posee mail
3606,No posee mail
665,ifsapaag@hotmail.com
3486,bibliotecapmvivante@yahoo.com.ar
1256,bibliotecatomasgcruzcosta@hotmail.com
3613,bibliotecapopularlucilabombal@hotmail.com
3228,No posee mail
4246,biblioteca_pedro_azin@hotmail.com
689,bibliopop.julioaroca@gmail.com
3329,No posee mail
1276,bibliotecafranciscopenasco@yahoo.com.ar
4278,No posee mail
3360,No posee mail
3234,bibliotecapopularvistaflores@yahoo.com.ar
3299,bibcardozo@yahoo.com.ar
3336,bibpop3336@yahoo.com.ar
3995,No posee mail
4329,No posee mail
2939,No posee mail
4387,No posee mail
790,No posee mail
3324,No posee mail
3755,bpmejorpasar@hotmail.com.ar
3395,bibpetcoff@yahoo.com.ar
2944,bibliotecahoracioquiroga@live.com
4079,bibleer@yahoo.com.ar
4128,No posee mail
3217,No posee mail
4160,bibliotecaquintu@yahoo.com.ar
3092,butaruca@yahoo.com.ar
3536,No posee mail
3103,bpjcortazar@yahoo.com.ar
3146,No posee mail
3319,bpescritoresneuquinos@gmail.com
4032,No posee mail
4052,bibliotecadenevares@yahoo.com.ar
4152,No posee mail
3131,No posee mail
3160,No posee mail
3161,No posee mail
3919,bibliocarmen.mellado@gmail.com
4254,biblioteca15dejunio@hotmail.com
826,bp9jul@smandes.com.ar
3106,No posee mail
4273,No posee mail
4229,No posee mail
3095,No posee mail
4332,No posee mail
4130,No posee mail
4235,bibliotecapabloneruda@live.com.ar
3147,bibliotecapgv@yahoo.com.ar
3206,No posee mail
967,elarteesrealidad@yahoo.com.ar
3068,bibliotecalamarque@hotmail.com
3326,No posee mail
3601,No posee mail
3964,bibliofranciscomoreno@yahoo.com.ar
4181,biblioborges@hotmail.com
3081,No posee mail
3362,lesniniesprimero@gmail.com
4149,bibliopopluciaepullan@yahoo.com.ar
4374,bibliotecapuertodeleste@outlook.com
2926,bibliotecacincuentenario@yahoo.com.ar
3126,No posee mail
3651,elba_ugarte@hotmail.com
3677,No posee mail
3734,biposamposal@hotmail.com
3746,No posee mail
3822,bpsarmiento3822@hotmail.com
3991,No posee mail
4092,No posee mail
4108,No posee mail
1825,No posee mail
4062,No posee mail
3385,No posee mail
4194,No posee mail
3965,No posee mail
3745,bpsantavictoria@gmail.com 
4364,No posee mail
3733,marina_vilte@hotmail.com
1510,No posee mail
3294,No posee mail
3311,bibpopem@hotmail.com
3521,No posee mail
3108,cervantesbiblioteca98@gmail.com
4093,alfonsinastorni.rawsonsj@gmail.com
4217,bibliotecapopularsur@hotmail.es
3693,bibliotecapopularmarianomoreno@hotmail.com
1349,No posee mail
2938,No posee mail
709,No posee mail
4141,No posee mail
3109,biblioteca1defebrero@hotmail.com
3406,bibliolaescalera@hotmail.com
4354,bibliotecaullum@gmail.com
599,No posee mail
611,No posee mail
3933,No posee mail
3709,No posee mail
3356,No posee mail
4055,bpfourcade@yahoo.com.ar
987,mariel_ra19@live.com.ar
3443,No posee mail
4215,graciela.elisa.alcaraz@gmail.com
3350,No posee mail
608,bibliopop@live.com
3488,No posee mail
3580,No posee mail
3583,No posee mail
1001,No posee mail
3261,No posee mail
3259,biamigosdelsaber@yahoo.com.ar
411,bibcasado@arnet.com.ar
3007,No posee mail
3513,No posee mail
3238,No posee mail
4074,No posee mail
3032,bibcervantes3032@yahoo.com.ar
4045,No posee mail
3957,bpdomingogsilva@yahoo.com.ar
1319,No posee mail
419,No posee mail
2942,bibliotecalugones@bombal.net.ar
2037,crycuniondelnorte@gmail.com
2339,bibliorivadavia@hotmail.com
2182,No posee mail
3426,No posee mail
469,biblioameghino@powervt.com.ar
1014,No posee mail
4009,No posee mail
4060,bibliovillaana_1994@hotmail.com
2883,biblioastorni@yahoo.com.ar
2421,No posee mail
1083,bibalberdilp@hotmail.com
455,bibliomitre0455@yahoo.com.ar
2444,centro.espaniolbp.santafe@gmail.com
3639,No posee mail
4276,No posee mail
4302,bibliotecapopularsantafesina@hotmail.com
1144,bibliopopular@hotmail.com
461,No posee mail
1800,bibliotecajmalet@gmail.com
1093,bibaristobulo@yahoo.com.ar
1947,No posee mail
2237,No posee mail
2876,No posee mail
3907,bibliocachilo@gmail.com
3980,bibliotecaamaprosario@gmail.com
4012,No posee mail
4082,bpgastongori@hotmail.com
4191,nogaralito@hotmail.com
413,gorositodaniela@hotmail.com
1924,bpsarmiento.suardi@gmail.com
906,No posee mail
417,No posee mail
4068,bibliolacriolla@gcrespo.com.ar
473,bibliomarmol@live.com
4198,bibliotecaangelmedina@hotmail.com
3030,garabato@trcnet.com.ar
3390,bptanino@csdnet.com.ar
422,No posee mail
4209,No posee mail
1264,No posee mail
3192,No posee mail
1662,bibliounzaga@yahoo.es
3122,bpe_echeverria@hotmail.com
3124,No posee mail
3164,No posee mail
4059,No posee mail
4200,bp.canal-feijot-sgo@hotmail.es
4358,bibliotecashun.16@gmail.com
3598,No posee mail
3335,No posee mail
3893,No posee mail
4328,bibliotecaelalgarrobal@gmail.com
3540,No posee mail
3422,No posee mail
644,bipopalberdi100@hotmail.com
645,No posee mail
3119,bp_juanpablo2tuc@hotmail.com
4320,No posee mail
2260,No posee mail
642,sociedadybibliotecamitre@yahoo.com.ar
634,No posee mail
651,No posee mail
1170,No posee mail
2015,No posee mail
2814,No posee mail
200,No posee mail
1062,bipobrchaves@yahoo.com.ar
3792,bpmgandhi@tutopia.com
3952,bib_manuelbelgrano_glew@yahoo.com.ar
3841,atahualpa1999@gmail.com
3950,No posee mail
2296,bibpopularmitre@yahoo.com.ar
3063,spebpop@gmail.com
3561,bipopalacios@yahoo.com.ar
4192,bsfsarmiento1925@yahoo.com.ar
3193,No posee mail
111,No posee mail
2068,bibliochillar@yahoo.com.ar
1663,bibliotecabmitre@yahoo.com.ar
4137,simonrodriguezbiblioteca@gmail.com
2871,No posee mail
3718,No posee mail
2688,bibmitre@yahoo.com.ar
1280,bpmbelgrano@hotmail.com
4169,ranelaghbibliocampo@yahoo.com.ar
2082,No posee mail
2473,bibliotecaguiraldes@yahoo.com.ar
1857,No posee mail
3900,sanestebanbibliotecapopular@yahoo.com.ar
258,sanjose@servicoopsa.com.ar
1381,No posee mail
3890,bibliotecaipora2000@yahoo.com.ar
3591,glabuscfliawach@gmail.com
1770,bibjbalberdi@gmail.com
3364,nancy_flo@hotmail.com
167,No posee mail
861,alberdibiblio@yahoo.com.ar
2843,bibliotecaameghino@gmail.com
1733,No posee mail
3522,No posee mail
1707,No posee mail
4119,No posee mail
3292,bibliotecaglavalle@hotmail.com
2697,No posee mail
3476,No posee mail
3836,No posee mail
4122,No posee mail
4349,No posee mail
3925,No posee mail
4177,bpaliciatmorales_garre@yahoo.com.ar
2998,No posee mail
1248,bibliopopalmafuerte@yahoo.com.ar
1809,biblioteca9dejulio@gmail.com
4389,piosoberanobibliotecapopular@gmail.com
3928,No posee mail
1973,No posee mail
3717,bib.homeromanzi@gmail.com
3786,No posee mail
4376,lagrietaylachicharra@gmail.com
249,No posee mail
3448,No posee mail
4021,No posee mail
3649,No posee mail
4135,bibliotecapopularmontechingolo@gmail.com
2676,balberdiescalada@gmail.com
2767,bibliotecabarriocanal@yahoo.com.ar
2872,bibvedia@yahoo.com.ar
2366,No posee mail
2729,bibliosalas@yahoo.com.ar
3865,No posee mail
173,bibliotecamentruytespectaculos@gmail.com
3182,No posee mail
1257,bibliotecaopendoor@hotmail.com
4219,bpegirardengo@gmail.com
3668,monbe3@hotmail.com
4151,No posee mail
1998,bibliopop.gsm@gmail.com
194,biblsarmiento_mercedes@hotmail.com
4199,No posee mail
3805,No posee mail
2673,bibliotecambon@live.com.ar
3944,No posee mail
3248,bphoracioquiroga@hotmail.com
2804,bibliopop.pasodelrey@hotmail.es
1391,No posee mail
2277,No posee mail
4371,No posee mail
4384,delotroladodelarbolenolavarria@gmail.com
1246,bibpopcervantes@yahoo.com.ar
2646,bibliotecamadero@live.com.ar
4344,biblioteca.palabrasdelalma@gmail.com
3912,No posee mail
4222,bibliotecapopularsur@yahoo.com.ar
2158,No posee mail
3752,bastorni@yahoo.com.ar
2788,bibliotecapopularpedrogoyena@yahoo.com.ar
3040,No posee mail
2554,No posee mail
3794,No posee mail
262,No posee mail
236,biblioteca_jbalberdi@yahoo.com.ar
232,No posee mail
2115,No posee mail
3790,No posee mail
4030,No posee mail
4188,bpcavajoven@yahoo.com.ar
1242,bpalberdi@gmail.com
1178,bibliotecarivadavia@yahoo.es
3473,chapmaris@hotmail.com
3728,No posee mail
3644,bphmunzon@hotmail.com
4212,bpelfaro@gmail.com
1627,No posee mail
240,bpbrtandil@hotmail.com
3001,bibliotecasarmiento1940@yahoo.com.ar
3302,No posee mail
3945,No posee mail
4005,bibliotecammoreno@hotmail.com
3318,bibliotecaeltalar@yahoo.com.ar
3650,No posee mail
957,No posee mail
4352,bpseamoslibres@yahoo.com
244,bibliotecarivadavia_tl@yahoo.com.ar
3837,bibliohoussay@yahoo.com.ar
4017,biblioluzycultura@hotmail.com
259,bibsarmiento@3net.com.ar
4221,bibliotecalatranquera@hotmail.com
1028,lamitredecaseros@gmail.com
1019,No posee mail
3254,bibliotecaascasubi2019@gmail.com
2040,bbcamitre@yahoo.com.ar
914,cpcultura@hotmail.com
3747,No posee mail
1045,No posee mail
740,No posee mail
3655,No posee mail
3660,No posee mail
3541,No posee mail
862,No posee mail
1053,No posee mail
2967,bibliotecapopularsumalao@hotmail.com
3344,biblioteca-eet5@hotmail.com
3672,No posee mail
2996,No posee mail
3003,bibliotecapibernus@hotmail.com
3491,No posee mail
2907,bcapopularcastellichaco@yahoo.com.ar
3459,bibnoronha@yahoo.com.ar
3582,bibliotecafontana@gmail.com
3674,andolfibiblioteca@hotmail.com
992,bipisarello@yahoo.com.ar
2198,bcalynch50@yahoo.com.ar
2549,No posee mail
3148,nuestrabiblio@hotmail.com
3281,bibliotecapopulartorres@yahoo.com.ar
3345,biblioguasti@yahoo.com.ar
3432,bibpopbrumana@hotmail.com
3477,bcaperon@yahoo.com.ar
3543,bibliobligado@hotmail.com
3670,No posee mail
2185,biblioteca113@yahoo.com.ar
3460,meduc.bibws@ecomchaco.com.ar
3510,No posee mail
4326,No posee mail
3821,bibliotecapopularelmaiten@gmail.com
4161,No posee mail
2414,No posee mail
3041,bibliopopberwyn@gmail.com
1819,bpaatw@gmail.com
3256,No posee mail
3355,No posee mail
3632,bibloprogreso4@hotmail.com
3732,bp.benedictoterrone@gmail.com
4324,No posee mail
3884,No posee mail
1375,bibliotecabecciu@gmail.com
1793,No posee mail
1991,No posee mail
2828,No posee mail
2994,bibliotecarebagliati@yahoo.com.ar
18,asociacionroffo@yahoo.com.ar
32,bibliotecapopularalberdi@yahoo.com.ar
2949,No posee mail
3042,bibliotecamalvinasargentinas@hotmail.com
3127,nuevabibliomatienzo@hotmail.com
3789,No posee mail
4243,bibliotecacortazarcba@yahoo.com.ar
4286,bibliotecapopularlibertad@yahoo.com.ar
4285,No posee mail
2045,No posee mail
4383,sayanacentroculturaleltalar@hotmail.com
4203,bibliotecaragonking@yahoo.com.ar
4277,bibliocawana@gmail.com
545,b.sarmiento@hotmail.com
1403,bibliotecamm2013@gmail.com
1872,bjingenieros@intinet.com.ar
3782,No posee mail
4014,No posee mail
2321,bibliotecacdb@yahoo.com
3593,bipop3593@hotmail.com
2197,No posee mail
544,bibliotecaflorentinoameghino@hotmail.com
549,No posee mail
4283,No posee mail
1756,bibatelleria@hotmail.com
3011,biblioasuncion@hotmail.com
2751,No posee mail
4097,bpscoronel@yahoo.com.ar
3729,gracielavaia@hotmail.com
2925,No posee mail
2794,No posee mail
2534,bpsmo@yahoo.com.ar
3333,No posee mail
4213,bibliotecapopularvilladelasrosas@yahoo.com.ar
4118,No posee mail
3853,bivignaud536@hotmail.com
1824,bibliotecapopularjifreyre@gmail.com
3623,No posee mail
1176,No posee mail
4232,No posee mail
2426,No posee mail
4026,No posee mail
4101,bibliotecaarnalponti@yahoo.com.ar
4042,bibliorayuela@yahoo.com.ar
3520,bibpopjamescraik@hotmail.com
873,No posee mail
586,bibliommm@yahoo.com.ar
2203,biblio_we@hotmail.com
495,biblioctesmagda@hotmail.com
2735,No posee mail
3317,bparandu@hotmail.com
3337,nanuva03@yahoo.com.ar
1373,No posee mail
509,literariabelgrano@gmail.com
2918,No posee mail
1311,No posee mail
3909,No posee mail
4224,No posee mail
3757,bipsancosme@gmail.com
3716,No posee mail
2970,bibliotecavnc@cableat.net
4077,No posee mail
4110,bpcgs4110@hotmail.com
1251,fabricacolon@hotmail.com
319,man.1872@concordia.com.ar
392,No posee mail
341,bibliosarmiento@yahoo.com
4240,teresamajul@hotmail.com
1615,bporientacion@arnet.com.ar
3751,bibliotecalosaromos@gmail.com
4111,No posee mail
4388,bibliotecapestacion@hotmail.com
3179,No posee mail
3495,No posee mail
3761,No posee mail
3721,No posee mail
3713,No posee mail
4098,No posee mail
3985,No posee mail
3183,No posee mail
771,No posee mail
3348,No posee mail
3575,bibliosanjoseobrero@hotmail.com
1260,No posee mail
3276,No posee mail
3059,No posee mail
774,No posee mail
3215,bmfierrodoblas@cosedo.com.ar
3279,bibliotecalaadela@hotmail.com
3377,No posee mail
3737,bibliorodo@cpenet.com.ar
4251,bibliotecapopularteresaperez@gmail.com
4345,bpmalvinasargentinas@gmail.com
3214,bibliochapaleufu@hotmail.com
806,sonirack77@yahoo.com.ar
4080,bibliotecarosales@hotmail.com
1945,biblioamartello@hotmail.com
3531,No posee mail
3171,No posee mail
3177,No posee mail
3347,biblioacha@yahoo.com.ar
718,bibliotecamarianomoreno@gmail.com
2687,No posee mail
4187,bibliociudadnar@hotmail.com
1805,No posee mail
1993,No posee mail
716,biblioteca026@gmail.com
726,No posee mail
723,No posee mail
1997,No posee mail
4090,No posee mail
4103,No posee mail
3266,bibescritoresalvearenses@gmail.com
4085,No posee mail
3497,bipo_jnazareno@yahoo.com.ar
3720,No posee mail
3993,No posee mail
4049,No posee mail
2894,biblioteca_pujadas@hotmail.com
2665,No posee mail
3190,bibdigenaro@yahoo.com.ar
4173,bibliotecarojasmza@hotmail.com
676,No posee mail
3265,No posee mail
4100,No posee mail
4293,bibliotecacirot@gmail.com
4211,No posee mail
802,No posee mail
793,bibposadas@arnetbiz.com.ar
3777,No posee mail
4258,bpsurargentino@yahoo.com
2995,No posee mail
3304,bibliotecahquir@yahoo.com.ar
3374,No posee mail
4214,No posee mail
3445,No posee mail
3210,No posee mail
824,bibliotecaolascoaga_chosmalal@yahoo.com.ar
4208,No posee mail
3840,No posee mail
3100,bibliolimay@yahoo.com.ar
3134,No posee mail
3220,bibliopopularkiquesanchezvera@gmail.com
3222,info.biblioberbel@gmail.com
3646,bib.granneuquen@hotmail..com
4123,No posee mail
4269,No posee mail
3099,bibliomalargen@hotmail.com
3169,No posee mail
3129,No posee mail
3150,bibliotecadelninio@hotmail.com
1303,secretaria@bibliotecasarmiento.com.ar
4373,labiblio.bibliotecaries@gmail.com
829,bibliotecageneralconesa@gmail.com
4201,No posee mail
1695,No posee mail
3195,bibliotecaraulentraigas@hotmail.com
3735,bibliotecaescritora@gmail.com
4087,No posee mail
3634,bibliopopulardecordero@yahoo.com.ar
3082,bipocre@hotmail.com
3415,No posee mail
3466,No posee mail
3105,No posee mail
3388,No posee mail
3141,No posee mail
1885,No posee mail
4335,No posee mail
1464,No posee mail
3084,No posee mail
3758,No posee mail
3914,No posee mail
3125,biblo424@hotmail.com
3605,No posee mail
3704,No posee mail
3838,bibliotecanoragodoy@hotmail.com
3791,No posee mail
752,No posee mail
3610,martinfierro2004jh@yahoo.com.ar
1366,sarmientobp1366@gmail.com
3759,bibaguaray@hotmail.com
4083,bibliotecaelmolino4083@yahoo.com.ar
760,No posee mail
3974,No posee mail
3686,No posee mail
4094,No posee mail
2620,biblpoplasflores2620@yahoo.com.ar
1729,No posee mail
3998,Bibliotecapop7@gmail.com
4263,No posee mail
2152,bibliotecajuanromulofernandez@hotmail.com
3464,No posee mail
4063,No posee mail
3637,bibgsm@yahoo.com.ar
4279,bpmariowvictorio@gmail.com
3398,No posee mail
601,No posee mail
3487,No posee mail
3397,No posee mail
2639,bibliotecaisaacnewton@gmail.com
3230,No posee mail
3500,biblioaimepaine@hotmail.com
1426,No posee mail
3407,No posee mail
3484,biblioteca@riogallegos.gov.ar
3527,bibliokunfiquiros@yahoo.com
3512,No posee mail
4304,biblioculturaelchalten@yahoo.com.ar
3567,No posee mail
490,biblioteca9dejulio@tostado.com.ar
2951,bibliotecajhernandez@arnet.com.ar
1936,bibliotecamdeoca@redcrs.com.ar
2760,bibelateneo@gmail.com
3342,No posee mail
472,No posee mail
4316,bib-alfonsinastorni.cbicha@hotmail.com
2941,No posee mail
1188,No posee mail
935,No posee mail
1116,No posee mail
3678,No posee mail
2256,No posee mail
1808,binioro@gmail.com
1749,No posee mail
1994,No posee mail
3603,No posee mail
3812,graciela_2102@hotmail.com
4360,bibliotecafortinarenales@outlook.es
414,biblioteca.br@gmail.com
1145,No posee mail
2831,bibliosarmientoadeo@hotmail.com
3817,No posee mail
4070,giaconecarlos@yahoo.com.ar
973,amigosdelabibliotecasarmiento@gmail.com
2913,ccvigilveloisa@outlook.com
3558,No posee mail
1771,No posee mail
1016,bibpop@santafe-conicet.gov.ar
2331,bibmaestro@gmail.com
2772,bpizzurnosfe@hotmail.com
3934,bibliotecabica@gmail.com
4391,No posee mail
2698,No posee mail
3873,bibliote@pilar-sfe.com.ar
4226,bibliotecapopularmed@hotmail.com
3978,bibliotecammsjn@hotmail.com
2110,No posee mail
430,No posee mail
3898,bpelbuensaber2004@yahoo.com.ar
440,No posee mail
982,bibliotecaamoralestudio@hotmail.com
2005,bibliohomero@hotmail.com
2094,bibpopfherrera@yahoo.com.ar
3528,bibliolaflorida@yahoo.com.ar
3869,bibliorfontanarrosa@hotmail.com
3820,No posee mail
3911,masosa@cooparrufo.com.ar
4157,compartir-08@hotmail.com
4038,bibliojmigno@yahoo.com.ar
4282,bpcdiaz@hotmail.com
1152,bibliotecasarmiento@arnet.com.ar
3538,No posee mail
489,No posee mail
1119,bibliotecacdarosquin@velosat.com.ar
3013,bibliotecapopulardelandeta@gmail.com
2946,No posee mail
4223,bpalejandria@outlook.com
1395,No posee mail
4029,bibjhernandez4029@yahoo.com.ar
4015,bibliopopularfelicia@outlook.com
4044,No posee mail
4174,bibpopmarianomoreno@yahoo.com.ar
3699,No posee mail
3703,bpnassif@hotmail.com
2311,No posee mail
2456,No posee mail
2763,bibliotecapopularconradojuarez@hotmail.com
3123,bpcarlospellegrini@live.com.ar
3274,bpsanmartinlabanda@hotmail.com.ar
3827,bibpopriodulce@hotmail.com
621,bibliotecasociedadsarmiento@hotmail.com
1665,No posee mail
3428,No posee mail
3566,bibliosigloveintiuno@hotmail.com
616,No posee mail
1179,bibsarmientoanatuya@hotmail.com
1361,No posee mail
3340,bibliotecakaukren@hotmail.com
3951,nuestra_biblioteca@hotmail.com
4150,bplmp@hotmail.com
1489,No posee mail
2032,No posee mail
640,No posee mail
3532,bibliopadresaravia@gmail.com
661,No posee mail
1799,bpcnv@yahoo.com.ar
3077,No posee mail
3291,No posee mail
1658,No posee mail
4158,bibliolaranda@yahoo.com.ar
938,No posee mail
1850,No posee mail
1278,ccibiblio@hotmail.com
2982,bibmfierro@yahoo.com.ar
2543,bjmarmol@yahoo.com.ar
3824,bpmavellaneda@hotmail.com
3908,bibliotecapopulardocksud@gmail.com
252,punkyflores69@hotmail.com
4086,No posee mail
217,No posee mail
911,No posee mail
4265,bibliotecapopularoscarsmith@yahoo.com
83,info@bibliotecaronco.com.ar
100,abrbp@abrbp.org.ar
3795,bpggbb@yahoo.com.ar
3929,biblioteca_rosariosur@yahoo.com.ar
4256,bibliotecamartinallica@yahoo.com.ar
2841,No posee mail
1021,bibliotecapizzurno@yahoo.com.ar
1469,No posee mail
4075,bibliotecapopularjmgutierrez@hotmail.com
1864,bibliopopularpestalozzi@gmail.com
2318,No posee mail
93,bib_rivadavia@yahoo.com.ar
1478,cultural_07@yahoo.com.ar
3801,No posee mail
1676,No posee mail
4024,No posee mail
3468,bibliotecatraverso@yahoo.com.ar
2861,biblioingenieros@gmail.com
2264,biblicast@yahoo.com.ar
222,No posee mail
3038,biblovillalujan@hotmail.com
3631,labiblioamb@hotmail.com
3571,No posee mail
1347,biblioameghino@altisa.com.ar
101,bibliotecasarmiento_2000@yahoo.com.ar
118,No posee mail
1620,No posee mail
3452,No posee mail
4357,bibliotecaeltrebol@gmail.com
123,bibliotecasarmiento_varela@yahoo.com.ar
3158,almafuertebib@yahoo.com.ar
3916,No posee mail
3767,No posee mail
2789,No posee mail
4076,No posee mail
2063,No posee mail
3724,bibliob@yahoo.com.ar
3715,bibliojh97@yahoo.com.ar
1454,No posee mail
4125,bib-arocha@educar
2880,No posee mail
4228,biblioteca_alma@hotmail.com
3921,bptinkunaku@yahoo.com.ar
3762,biblioteca303@yahoo.com.ar
1880,bibliomoreno@yahoo.com.ar
3730,No posee mail
3913,No posee mail
2069,bibliotecapopularsanmartin@hotmail.com
2098,bibliotecameridianov@hotmail.com
2323,bibliotecafameghino@hotmail.com
2498,No posee mail
2644,No posee mail
3681,No posee mail
4140,bibliopcarlosbormida@yahoo.com.ar
2271,cfloshornos@yahoo.com.ar
3211,biblioharosteguy@yahoo.com.ar
2713,No posee mail
3828,roxanacaterbetti42@hotmail.com
1706,bibprimerodemayo@hotmail.com
3442,No posee mail
122,No posee mail
3149,No posee mail
3404,No posee mail
4121,bibliotecapopulardelaciudad@gmail.com
4008,bibliotecapopular_sanjuan@hotmail.com
2931,bibwcm@yahoo.com.ar
3785,bibliotecapolvorines@gmail.com
3243,No posee mail
2662,bp_manuelbelgrano@hotmail.com
3315,No posee mail
4139,No posee mail
4134,bibliotecasanjoseobrero@gmail.com
4003,No posee mail
4040,bibliotecajauretche@yahoo.com.ar
3049,No posee mail
3885,biblioalma@yahoo.com.ar
195,biberenchu@copesnet.com.ar
135,No posee mail
3811,biblioindependencia@hotmail.com
4176,No posee mail
1633,No posee mail
3255,biblioteca3255@yahoo.com.ar
2073,No posee mail
1452,No posee mail
898,bibliotecapilar@yahoo.com.ar
3968,casadelacultura2002@yahoo.com.ar
1988,No posee mail
3969,bibliotecapopularcooperarios@yahoo.com.ar
4156,bibliotecajmvilaseca@gmail.com
4311,delriobiblioteca@yahoo.com.ar
3585,No posee mail
3793,No posee mail
4205,bibliotecaevaperon.rauch@yahoo.com.ar
2341,giseafrica@yahoo.com.ar
2428,No posee mail
4127,renacer465adulce@hotmail.com.ar
3743,No posee mail
2022,bpromulonaon@gmail.com
3690,No posee mail
4175,biblosnuevoser@hotmail.com
4393,No posee mail
4071,No posee mail
125,bibliotecadfs@hotmail.com
1194,No posee mail
3075,tcdehesa@yahoo.com.ar
4230,No posee mail
3173,biblio@tapalque.mun.gba.gov.ar
2863,No posee mail
4292,comunitariocaraguata@yahoo.com.ar
966,bibliotecatornquist@yahoo.com.ar
3616,No posee mail
1388,marialemorcillo@gmail.com
4348,bibliotecahdelgiorgio@gmail.com
115,bpalberdi@yahoo.com.ar
4020,No posee mail
860,bpmoreno@hotmail.com
2107,No posee mail
4129,bibliotecapopulararandu@hotmail.com
4210,bpsudestada@yahoo.com.ar
2928,No posee mail
749,No posee mail
3560,No posee mail
730,bibliochum@yahoo.com.ar
3494,No posee mail
2991,bibliotecaesquiu2991@yahoo.com.ar
3653,No posee mail
3542,No posee mail
4272,No posee mail
3577,No posee mail
3554,No posee mail
3493,No posee mail
3393,No posee mail
3325,No posee mail
3507,fanischlegel@hotmail.com
3553,No posee mail
3004,josealumnibp72@gmail.com
2297,bibciervopetiso@yahoo.com.ar
3457,bibliotecatuckey@live.com.ar
3439,3439bp@gmail.com
3492,bib_cervantes@yahoo.com.ar
3014,No posee mail
779,biblio80rivadavia@yahoo.com.ar
780,No posee mail
2692,bib.herrera2692@hotmail.com
3009,bepcgc@yahoo.com.ar
3384,No posee mail
3453,popularevita2012@yahoo.com.ar
3534,bca_alfredoveirave@hotmail.com
4339,bibliotecaraulalfonsinmadryn@hotmail.com
3277,bibliotecacobo@gmail.com
3959,bibliotecarucaraquizuam@hotmail.com.ar
4306,bpelblanco@hotmail.com
3257,No posee mail
3037,biblagopuelo@yahoo.com.ar
3638,No posee mail
4143,biblioteca_simon@hotmail.com
3202,No posee mail
3685,No posee mail
3835,bpkim-hue@hotmail.com
4033,No posee mail
1344,trjgonzalez@outlook.com
4268,bibliopopuche@hotmail.com.ar
4295,bibliotecapopularmanuelugarte@gmail.com
1131,bibliomorris@hotmail.com
1187,bibliotecapueyrredonsud@gmail.com
2014,bibliotecanazar@yahoo.com.ar
2233,asocvecvilladelparque@hotmail.com
2558,asociacionalvear@yahoo.com.ar
3982,No posee mail
19,popular12deoctubre@hotmail.com
2257,bibliotecatejeda@hotmail.com
2776,biblioteca_lac@hotmail.com
3707,bpra3707@gmail.com
4245,bibpopmsaleme@yahoo.com.ar
1659,bibliotecapopularlabicicleta@gmail.com
539,No posee mail
2021,bpjovita@jovitacoop.com.ar
543,No posee mail
2162,No posee mail
2406,biblioteca.marianomoreno@villamaria.gob.ar
3595,bibliopopcarnerillo@yahoo.com.ar
3915,No posee mail
2858,No posee mail
3139,No posee mail
3592,bibliotecapopularlidiacesanelli@yahoo.com.ar
4016,bibliotecajhernandez@tutopia.com
3867,No posee mail
3055,No posee mail
2978,No posee mail
3629,blugones@gmail.com
4238,No posee mail
3015,bibliotecasscc@hotmail.com
3597,No posee mail
3702,No posee mail
2006,No posee mail
3990,adriflores71@hotmail.com
4343,No posee mail
581,bisarlasvarillas@gmail.com
2360,clubalmafuertelv970@gmail.com
560,bibliotecapopularycc@gmail.com
3748,No posee mail
1647,labpdealtagracia@gmail.com
3763,pizzurno10@hotmail.com
4019,bibliotecahg@gmail.com
2936,bibliotecatancacha@hotmail.com
528,bprjcarcano@yahoo.com.ar
3258,No posee mail
3826,No posee mail
4307,bibliotecaescritorescorrentinos@hotmail.com
517,acyacbpr@gmail.com
4264,No posee mail
2595,bp2595@gmail.com
506,biblio506@hotmail.com
2171,bibliotecalainez@hotmail.com
511,bsarmiento@arnet.com.ar
387,biburquiza@yahoo.com.ar
3589,biblioteca3589@hotmail.com
4189,No posee mail
324,gerebasso@yahoo.com.ar
4378,bibliotecaestacionpuiggari@gmail.com
382,bibliofederal@hotmail.com
342,bibpopmastronardi@yahoo.com.ar
1201,No posee mail
375,No posee mail
3441,No posee mail
354,No posee mail
4043,biblioteca.avellaneda@gmail.com
4350,No posee mail
355,ComisionDirectiva@bibliotecaparana.org.ar
383,bpmitre0383@gmail.com
3433,bpmargaritadiez@hotmail.com
3776,No posee mail
3269,No posee mail
2974,biblisanmartin@hotmail.com
3387,No posee mail
3391,bibliotecapopularjorgecalvetti@hotmail.com 
766,bibpojuj@imagine.com.ar
3657,bibliotecaepam3@yahoo.com.ar
763,bibliotecadomingotperez@gmail.com
3627,No posee mail
3185,No posee mail
913,No posee mail
4172,No posee mail
3263,No posee mail
3503,No posee mail
2699,No posee mail
1990,bibliorolon@gmail.com
4300,bpjoaquinanchorena@gmail.com
4270,bibliomiguelgomez@gmail.com
4287,No posee mail
2679,bprenovacion@gmail.com
1499,bibliovertiz@yahoo.com.ar
3250,biblioalp@yahoo.com.ar
2259,guatrachebpalmafuerte@gmail.com
3416,bibliojosebarbero@gmail.com
883,biblioteca_adelvalle@hotmail.com
3618,No posee mail
1555,almafuerte_1555@yahoo.com.ar
3186,bibliotecalamaruja@hotmail.com
3480,bibliotecajorgepicca@yahoo.com.ar
1766,bibrancul452@hotmail.com
3565,vanpraetbiblioteca@yahoo.com.ar
916,margaretsos@hotmail.com
811,No posee mail
1556,biblioarata@yahoo.com.ar
2373,bibpopataliva@yahoo.com.ar
2387,biblioteca_sv@yahoo.com.ar
901,biflora.me@hotmail.com
4370,No posee mail
1775,No posee mail
3962,No posee mail
2293,No posee mail
1364,bibliotecadeoeste@hotmail.com 
4382,No posee mail
3264,No posee mail
3550,No posee mail
3057,bip3057@gmail.com
3947,No posee mail
4310,bplibrosabiertosmza@gmail.com
3498,No posee mail
3725,bibliochacras@yahoo.com.ar
3233,bpmmorenochilecito@yahoo.com.ar
3423,No posee mail
1576,bibpop1576@yahoo.com.ar
3212,bpderly@yahoo.com.ar
3306,No posee mail
4144,bibloaltoverde@yahoo.com.ar
3662,bibliotecapopularesteves@gmail.com
4394,bibliotecapopularelurunday@gmail.com
3421,bibliotecapopularchepoya@gmail.com
3312,No posee mail
3405,No posee mail
2561,bibpopsarmiento@yahoo.com.ar
3935,popularsabato@gmail.com
803,No posee mail
3825,No posee mail
3788,No posee mail
3756,bibliotecachanar@yahoo.com.ar
3091,No posee mail
3175,No posee mail
3295,No posee mail
3642,No posee mail
1342,bibliotecajbalberdi@gmail.com
3104,suyaimapu@yahoo.com.ar
3130,dario.millain@gmail.com
3137,biblioeliel@gmail.com
3145,bibliotecaedelman@yahoo.com.ar
3332,No posee mail
3381,biblioteca_irmac@yahoo.com.ar
4113,bgsmartin@hotmail.com
4162,Biblioteca.popular.huilliches@gmail.com
4237,bibliotecapopularsalomon@hotmail.com
3090,No posee mail
3087,No posee mail
3581,No posee mail
2142,bibliotecaphuecu@hotmail.com
3807,No posee mail
1701,bibliotecasarmiento@elbolson.com
4023,aliciainchauspe@bariloche.com.ar
3151,No posee mail
2603,biblio5saltos@hotmail.com
3361,No posee mail
4153,bibliorivera@yahoo.com.ar
4261,bibliotecapopjuliocortazar@hotmail.com
2891,BPRICARDOROJAS@HOTMAIL.COM
3599,No posee mail
3941,bibliotecapilcaniyeu@yahoo.com.ar
3083,bibliotecaceferino@yahoo.com.ar
3121,No posee mail
3372,No posee mail
3940,No posee mail
4112,No posee mail
3474,bpmacachaguemes-3474@hotmail.com
3808,bibliotecafcosolano@hotmail.es
3942,No posee mail
4168,No posee mail
4317,bibliotecamariemadeleine@gmail.com
4342,biblioteca.rosaparks@hotmail.com
4375,No posee mail
4035,bipmirabal@hotmail.com
3519,No posee mail
3065,No posee mail
2242,bp_camilorojo@yahoo.com.ar
3213,asic_americas@yahoo.com.ar
713,No posee mail
4390,No posee mail
11,No posee mail
702,No posee mail
4064,No posee mail
4327,No posee mail
3223,No posee mail
3490,bibliotecapabloramellasj@hotmail.com
4058,No posee mail
4284,No posee mail
3112,bibjulioeliasbriggiler@yahoo.com.ar
3988,No posee mail
596,No posee mail
603,mario_saulsosa@hotmail.com
3273,bibliotecapopularcaminito@hotmail.com
3425,No posee mail
3357,No posee mail
3444,marthaag_05@hotmail.com
3412,No posee mail
1827,evelynbcrr9@gmail.com
3188,aguero_cnbp_vm3188@yahoo.com.ar
3284,micaelabeatriz@hotmail.com
3430,bibliojuanpascualpringles2012@hotmail.com
3323,bibliodelmirador@yahoo.com.ar
3367,No posee mail
3142,No posee mail
3524,No posee mail
3556,No posee mail
4227,No posee mail
4361,No posee mail
3163,bibliobouquet@hotmail.com
1599,bpmitrearequito@gmail.com
1035,No posee mail
4365,bp_arcoiris_bi@yahoo.com.ar
2722,No posee mail
1408,bpmoreno1408@yahoo.com.ar
4337,bibliotecareinaudi@hotmail.com
2997,bpmj@coopmj.com.ar
2254,biblioteca_jmestrada@hotmail.com
4291,bibliombrasca@hotmail.com
859,bibliotecabombal@bombal.net.ar
475,No posee mail
1399,No posee mail
479,bibliotecapeylsp@yahoo.com.ar
467,bpmanuelbelgrano@hotmail.com
468,mariaperrissol@gmail.com
1724,No posee mail
2472,bibliomm@hotmail.com
488,bibliopopular488@hotmail.com
1175,bibliopoprmunijoseingenieros@gmail.com
1472,bibliosancti@coopsancti.com.ar
491,No posee mail
1582,aliciamargalida2002@yahoo.com.ar
2642,bibliopopularmmavellaneda@hotmail.com
4167,bibjuliomigno@hotmail.com
3741,No posee mail
2178,biblioteca_carrizales@hotmail.com
3936,bibpcorrea@hotmail.com
2384,No posee mail
487,biblioteca_moreno@yahoo.com.ar
2123,bibliobrown@hotmail.com
4301,bibliotecapopularosvaldobayer@yahoo.com.ar
4308,juglaressinfrontera@gmail.com
2885,jbalberdi@educ.ar
945,bibliohumboldt@arnet.com.ar
2207,biblioteca.jbalberdi@hotmail.com
4381,josehernandezbibliotecapopular@gmail.com
4379,bibpop.angelaperaltapino@hotmail.com
4234,comunasape@yahoo.com.ar
462,bibliogkellerscs@hotmail.com
416,No posee mail
4147,No posee mail
483,bibpopee@yahoo.com.ar
1259,No posee mail
1989,No posee mail
2004,bibliotecaalberdi@hotmail.com
2449,biblarg@rosario.gov.ar
2690,bpccvigil@gmail.com
3006,bpmorenorosario@hotmail.com.ar
3971,No posee mail
4321,No posee mail
2187,bibpopalberdi@yahoo.com.ar
460,bibliotecapop_sancristobal@hotmail.com
2655,No posee mail
925,bibliotecagcrespo@hotmail.com.ar
1135,No posee mail
991,biblioteca@sanjustosf.com.ar
3977,normagcarena@hotmail.com
4353,videlac.cultural@gmail.com
3635,No posee mail
429,No posee mail
985,bmitre24@yahoo.com.ar
3365,bibliopiccolo@eltrebol.gov.ar
1970,bpsm1970@gmail.com
876,bipsm@sme.com.ar
4011,No posee mail
4233,No posee mail
3379,biblioteca@cosemar.com.ar
624,No posee mail
4091,No posee mail
2252,bpbelgrano2252_bandera@hotmail.com
3115,No posee mail
1007,No posee mail
3489,No posee mail
3533,No posee mail
4190,No posee mail
3562,No posee mail
612,pedrourquizanqn@hotmail.com
4253,bpmarianomorenoph@gmail.com
3694,No posee mail
2854,No posee mail
1497,juanaro66@hotmail.com
3239,bibliotecaij@hotmail.com
3252,No posee mail
4386,patriagrandebp@gmail.com
1851,No posee mail
4333,bpob.osvaldobayer@gmail.com
3989,No posee mail
908,No posee mail
2418,bibliotecaluisabuffodeferro@yahoo.com.ar
3159,No posee mail
