Provincia,Departamento,Cantidad de BP fundadas desde 1950
Buenos Aires,Avellaneda,9.0
Buenos Aires,Florencio Varela,9.0
Buenos Aires,Quilmes,8.0
Buenos Aires,Olavarría,8.0
Buenos Aires,Lanús,7.0
Buenos Aires,Tres Arroyos,6.0
Buenos Aires,La Costa,6.0
Buenos Aires,General Pueyrredón,5.0
Buenos Aires,Vicente López,5.0
Buenos Aires,San Isidro,5.0
Buenos Aires,San Fernando,5.0
Buenos Aires,Berazategui,5.0
Buenos Aires,Guaminí,5.0
Buenos Aires,Malvinas Argentinas,5.0
Buenos Aires,Pilar,5.0
Buenos Aires,General Villegas,4.0
Buenos Aires,Merlo,4.0
Buenos Aires,Ramallo,4.0
Buenos Aires,Lincoln,3.0
Buenos Aires,Villarino,3.0
Buenos Aires,General Pinto,3.0
Buenos Aires,Tornquist,3.0
Buenos Aires,Carlos Casares,3.0
Buenos Aires,Coronel de Marina Leonardo Rosales,3.0
Buenos Aires,Necochea,3.0
Buenos Aires,San Miguel,3.0
Buenos Aires,Luján,2.0
Buenos Aires,Monte,2.0
Buenos Aires,San Antonio de Areco,2.0
Buenos Aires,Pinamar,2.0
Buenos Aires,Leandro N. Alem,2.0
Buenos Aires,Coronel Suárez,2.0
Buenos Aires,Ezeiza,2.0
Buenos Aires,Brandsen,2.0
Buenos Aires,Esteban Echeverría,2.0
Buenos Aires,General Alvarado,2.0
Buenos Aires,Bragado,2.0
Buenos Aires,Pehuajó,2.0
Buenos Aires,Ensenada,2.0
Buenos Aires,Tres de Febrero,2.0
Buenos Aires,Villa Gesell,2.0
Buenos Aires,Puan,2.0
Buenos Aires,Morón,2.0
Buenos Aires,Berisso,2.0
Buenos Aires,Hurlingham,2.0
Buenos Aires,La Plata,15.0
Buenos Aires,La Matanza,15.0
Buenos Aires,Moreno,13.0
Buenos Aires,Bahía Blanca,12.0
Buenos Aires,Tigre,12.0
Buenos Aires,Tandil,10.0
Buenos Aires,Almirante Brown,10.0
Buenos Aires,General San Martín,10.0
Buenos Aires,Lomas de Zamora,10.0
Buenos Aires,Cañuelas,1.0
Buenos Aires,Tapalqué,1.0
Buenos Aires,Lobería,1.0
Buenos Aires,Rivadavia,1.0
Buenos Aires,San Cayetano,1.0
Buenos Aires,Junín,1.0
Buenos Aires,Magdalena,1.0
Buenos Aires,9 de Julio,1.0
Buenos Aires,Saladillo,1.0
Buenos Aires,General Guido,1.0
Buenos Aires,Salto,1.0
Buenos Aires,Tordillo,1.0
Buenos Aires,Maipú,1.0
Buenos Aires,Campana,1.0
Buenos Aires,Lobos,1.0
Buenos Aires,Ituzaingó,1.0
Buenos Aires,Coronel Dorrego,1.0
Buenos Aires,General Lavalle,1.0
Buenos Aires,Mar Chiquita,1.0
Buenos Aires,Navarro,1.0
Buenos Aires,Baradero,1.0
Buenos Aires,San Nicolás,1.0
Buenos Aires,Monte Hermoso,1.0
Buenos Aires,General Arenales,1.0
Buenos Aires,Rauch,1.0
Buenos Aires,Bolívar,1.0
Buenos Aires,San Andrés de Giles,1.0
Buenos Aires,General Viamonte,1.0
Buenos Aires,Trenque Lauquen,0.0
Buenos Aires,Rojas,0.0
Buenos Aires,Chivilcoy,0.0
Buenos Aires,General La Madrid,0.0
Buenos Aires,Marcos Paz,0.0
Buenos Aires,Ayacucho,0.0
Buenos Aires,San Pedro,0.0
Buenos Aires,Benito Juárez,0.0
Buenos Aires,General Rodríguez,0.0
Buenos Aires,Adolfo Gonzales Chaves,0.0
Buenos Aires,Colón,0.0
Buenos Aires,Hipólito Yrigoyen,0.0
Buenos Aires,Coronel Pringles,0.0
Buenos Aires,Tres Lomas,0.0
Buenos Aires,Arrecifes,0.0
Buenos Aires,Dolores,0.0
Buenos Aires,Capitán Sarmiento,0.0
Buenos Aires,Mercedes,0.0
Buenos Aires,Las Flores,0.0
Buenos Aires,Patagones,0.0
Buenos Aires,General Alvear,0.0
Buenos Aires,Adolfo Alsina,0.0
Buenos Aires,Escobar,0.0
Buenos Aires,San Vicente,0.0
Buenos Aires,Saavedra,0.0
Buenos Aires,General Las Heras,0.0
Buenos Aires,Chacabuco,0.0
Buenos Aires,Carlos Tejedor,0.0
Buenos Aires,Laprida,0.0
Buenos Aires,Roque Pérez,0.0
Buenos Aires,Suipacha,0.0
Buenos Aires,Zárate,0.0
Buenos Aires,Balcarce,0.0
Buenos Aires,Carmen de Areco,0.0
Buenos Aires,Azul,0.0
Buenos Aires,General Juan Madariaga,0.0
Buenos Aires,25 de Mayo,0.0
Buenos Aires,Castelli,0.0
Buenos Aires,Punta Indio,0.0
Buenos Aires,Alberti,0.0
Buenos Aires,Pergamino,0.0
Buenos Aires,Pellegrini,0.0
Buenos Aires,Salliqueló,0
Buenos Aires,General Paz,0
Buenos Aires,Pila,0
Buenos Aires,Chascomús,0
Buenos Aires,Exaltación de la Cruz,0
Buenos Aires,Presidente Perón,0
Buenos Aires,Lezama,0
Buenos Aires,General Belgrano,0
Buenos Aires,Florentino Ameghino,0
Buenos Aires,Daireaux,0
Buenos Aires,José C. Paz,0
Catamarca,Fray Mamerto Esquiú,4.0
Catamarca,Valle Viejo,4.0
Catamarca,Santa Rosa,3.0
Catamarca,Belén,3.0
Catamarca,Capital,3.0
Catamarca,Capayán,3.0
Catamarca,La Paz,2.0
Catamarca,Pomán,2.0
Catamarca,Paclín,1.0
Catamarca,El Alto,1.0
Catamarca,Ambato,1.0
Catamarca,Andalgalá,0.0
Catamarca,Tinogasta,0.0
Catamarca,Santa María,0.0
Catamarca,Antofagasta de la Sierra,0
Catamarca,Ancasti,0
Chaco,Libertador General San Martín,5.0
Chaco,Quitilipi,3.0
Chaco,Mayor Luis J. Fontana,3.0
Chaco,9 de Julio,3.0
Chaco,Sargento Cabral,3.0
Chaco,Chacabuco,3.0
Chaco,Bermejo,3.0
Chaco,San Fernando,26.0
Chaco,Comandante Fernández,2.0
Chaco,General Donovan,2.0
Chaco,General Belgrano,1.0
Chaco,25 de Mayo,1.0
Chaco,2 de Abril,1.0
Chaco,Presidencia de la Plaza,1.0
Chaco,Fray Justo Santa María de Oro,1.0
Chaco,12 de Octubre,1.0
Chaco,O'Higgins,1.0
Chaco,General Güemes,1.0
Chaco,San Lorenzo,0.0
Chaco,Almirante Brown,0
Chaco,Maipú,0
Chaco,Tapenagá,0
Chaco,Libertad,0
Chaco,1º de Mayo,0
Chaco,Independencia,0
Chubut,Escalante,7.0
Chubut,Biedma,7.0
Chubut,Cushamen,7.0
Chubut,Telsen,2.0
Chubut,Futaleufú,2.0
Chubut,Rawson,13.0
Chubut,Tehuelches,1.0
Chubut,Río Senguer,1.0
Chubut,Gaiman,1.0
Chubut,Languiñeo,1.0
Chubut,Sarmiento,0.0
Chubut,Paso de Indios,0
Chubut,Florentino Ameghino,0
Chubut,Mártires,0
Chubut,Gastre,0
Ciudad de Buenos Aires,CABA,18.0
Corrientes,Monte Caseros,2.0
Corrientes,Paso de los Libres,2.0
Corrientes,Goya,2.0
Corrientes,General Paz,2.0
Corrientes,Concepción,2.0
Corrientes,Santo Tomé,2.0
Corrientes,Capital,12.0
Corrientes,San Roque,1.0
Corrientes,Mercedes,1.0
Corrientes,San Cosme,1.0
Corrientes,Itatí,1.0
Corrientes,Saladas,1.0
Corrientes,Curuzú Cuatiá,1.0
Corrientes,General Alvear,0.0
Corrientes,Bella Vista,0.0
Corrientes,Empedrado,0.0
Corrientes,Esquina,0.0
Corrientes,Sauce,0.0
Corrientes,Lavalle,0.0
Corrientes,San Luis del Palmar,0.0
Corrientes,Ituzaingó,0.0
Corrientes,Mburucuyá,0
Corrientes,San Martín,0
Corrientes,Berón de Astrada,0
Corrientes,San Miguel,0
Córdoba,Punilla,7.0
Córdoba,Río Segundo,7.0
Córdoba,Colón,6.0
Córdoba,Santa María,6.0
Córdoba,Calamuchita,6.0
Córdoba,Marcos Juárez,6.0
Córdoba,San Javier,4.0
Córdoba,General San Martín,3.0
Córdoba,Tercero Arriba,3.0
Córdoba,Río Primero,3.0
Córdoba,General Roca,3.0
Córdoba,Juárez Celman,3.0
Córdoba,San Alberto,2.0
Córdoba,Capital,17.0
Córdoba,San Justo,12.0
Córdoba,Río Cuarto,10.0
Córdoba,Río Seco,1.0
Córdoba,Presidente Roque Sáenz Peña,1.0
Córdoba,Unión,1.0
Córdoba,Tulumba,1.0
Córdoba,Cruz del Eje,0.0
Córdoba,Ischilín,0.0
Córdoba,Sobremonte,0
Córdoba,Pocho,0
Córdoba,Minas,0
Córdoba,Totoral,0
Entre Ríos,Paraná,9.0
Entre Ríos,Uruguay,4.0
Entre Ríos,Nogoyá,3.0
Entre Ríos,Gualeguaychú,3.0
Entre Ríos,Concordia,3.0
Entre Ríos,Colón,2.0
Entre Ríos,San Salvador,2.0
Entre Ríos,Diamante,2.0
Entre Ríos,Federación,1.0
Entre Ríos,La Paz,1.0
Entre Ríos,Gualeguay,1.0
Entre Ríos,Islas del Ibicuy,1.0
Entre Ríos,Federal,0.0
Entre Ríos,Villaguay,0.0
Entre Ríos,Tala,0.0
Entre Ríos,Feliciano,0
Entre Ríos,Victoria,0
Formosa,Pilcomayo,8.0
Formosa,Formosa,7.0
Formosa,Pirané,3.0
Formosa,Laishi,2.0
Formosa,Patiño,2.0
Formosa,Bermejo,0
Formosa,Pilagás,0
Formosa,Ramón Lista,0
Formosa,Matacos,0
Jujuy,Dr. Manuel Belgrano,6.0
Jujuy,San Pedro,5.0
Jujuy,Palpalá,4.0
Jujuy,El Carmen,3.0
Jujuy,Susques,2.0
Jujuy,Tumbaya,2.0
Jujuy,Ledesma,2.0
Jujuy,Santa Bárbara,2.0
Jujuy,Cochinoca,2.0
Jujuy,Humahuaca,1.0
Jujuy,Tilcara,0.0
Jujuy,Yavi,0.0
Jujuy,San Antonio,0.0
Jujuy,Rinconada,0
Jujuy,Valle Grande,0
Jujuy,Santa Catalina,0
La Pampa,Capital,8.0
La Pampa,Atreucó,4.0
La Pampa,Realicó,4.0
La Pampa,Guatraché,3.0
La Pampa,Rancul,3.0
La Pampa,Catriló,3.0
La Pampa,Maracó,3.0
La Pampa,Chapaleufú,3.0
La Pampa,Hucal,3.0
La Pampa,Quemú Quemú,2.0
La Pampa,Utracán,2.0
La Pampa,Conhelo,2.0
La Pampa,Lihuel Calel,1.0
La Pampa,Caleu Caleu,1.0
La Pampa,Loventué,1.0
La Pampa,Trenel,0.0
La Pampa,Toay,0.0
La Pampa,Limay Mahuida,0
La Pampa,Curacó,0
La Pampa,Chalileo,0
La Pampa,Puelén,0
La Pampa,Chical Co,0
La Rioja,Capital,4.0
La Rioja,Chilecito,2.0
La Rioja,General Felipe Varela,1.0
La Rioja,San Blas de Los Sauces,1.0
La Rioja,Castro Barros,1.0
La Rioja,General Belgrano,0.0
La Rioja,Arauco,0.0
La Rioja,Chamical,0.0
La Rioja,Sanagasta,0.0
La Rioja,Ángel Vicente Peñaloza,0.0
La Rioja,Famatina,0.0
La Rioja,Independencia,0
La Rioja,General Ortiz de Ocampo,0
La Rioja,General Lamadrid,0
La Rioja,Vinchina,0
La Rioja,Rosario Vera Peñaloza,0
La Rioja,General Juan Facundo Quiroga,0
La Rioja,General San Martín,0
Mendoza,Las Heras,6.0
Mendoza,Guaymallén,5.0
Mendoza,Luján de Cuyo,5.0
Mendoza,San Carlos,4.0
Mendoza,San Martín,4.0
Mendoza,Tunuyán,3.0
Mendoza,Junín,3.0
Mendoza,Capital,3.0
Mendoza,Maipú,3.0
Mendoza,Santa Rosa,2.0
Mendoza,Godoy Cruz,2.0
Mendoza,Lavalle,2.0
Mendoza,San Rafael,11.0
Mendoza,Rivadavia,1.0
Mendoza,Malargüe,1.0
Mendoza,General Alvear,1.0
Mendoza,Tupungato,1.0
Mendoza,La Paz,0
Misiones,Capital,6.0
Misiones,Candelaria,4.0
Misiones,Montecarlo,4.0
Misiones,Iguazú,3.0
Misiones,Cainguás,3.0
Misiones,Oberá,2.0
Misiones,General Manuel Belgrano,2.0
Misiones,Libertador General San Martín,2.0
Misiones,Guaraní,2.0
Misiones,25 de Mayo,2.0
Misiones,San Javier,2.0
Misiones,San Pedro,1.0
Misiones,Apóstoles,1.0
Misiones,San Ignacio,1.0
Misiones,Eldorado,1.0
Misiones,Leandro N. Alem,1.0
Misiones,Concepción,0.0
Neuquén,Chos Malal,4.0
Neuquén,Confluencia,39.0
Neuquén,Minas,3.0
Neuquén,Aluminé,3.0
Neuquén,Lácar,3.0
Neuquén,Pehuenches,2.0
Neuquén,Loncopué,1.0
Neuquén,Los Lagos,1.0
Neuquén,Picunches,1.0
Neuquén,Zapala,1.0
Neuquén,Añelo,1.0
Neuquén,Ñorquín,1.0
Neuquén,Collón Curá,1.0
Neuquén,Huiliches,1.0
Neuquén,Catán Lil,1.0
Neuquén,Picún Leufú,1.0
Río Negro,Bariloche,7.0
Río Negro,Avellaneda,4.0
Río Negro,San Antonio,4.0
Río Negro,Adolfo Alsina,4.0
Río Negro,General Roca,25.0
Río Negro,El Cuy,2.0
Río Negro,Pilcaniyeu,2.0
Río Negro,Ñorquinco,2.0
Río Negro,Valcheta,1.0
Río Negro,25 de Mayo,1.0
Río Negro,Conesa,0.0
Río Negro,Pichi Mahuida,0.0
Río Negro,9 de Julio,0
Salta,Anta,5.0
Salta,Orán,4.0
Salta,General José de San Martín,3.0
Salta,Capital,26.0
Salta,La Caldera,2.0
Salta,La Candelaria,2.0
Salta,Molinos,1.0
Salta,Santa Victoria,1.0
Salta,Cerrillos,1.0
Salta,Rosario de la Frontera,1.0
Salta,San Carlos,1.0
Salta,Rosario de Lerma,1.0
Salta,Metán,1.0
Salta,General Güemes,1.0
Salta,Rivadavia,1.0
Salta,Los Andes,1.0
Salta,La Poma,1.0
Salta,Cafayate,1.0
Salta,Iruya,0
Salta,Cachi,0
Salta,La Viña,0
Salta,Chicoana,0
Salta,Guachipas,0
San Juan,Rawson,7.0
San Juan,Rivadavia,6.0
San Juan,Santa Lucía,3.0
San Juan,Chimbas,2.0
San Juan,Iglesia,2.0
San Juan,San Martín,2.0
San Juan,Calingasta,2.0
San Juan,Capital,11.0
San Juan,Valle Fértil,1.0
San Juan,Albardón,1.0
San Juan,9 de Julio,1.0
San Juan,Zonda,1.0
San Juan,Ullum,1.0
San Juan,Jáchal,0.0
San Juan,Caucete,0.0
San Juan,Pocito,0.0
San Juan,Sarmiento,0.0
San Juan,Angaco,0
San Juan,25 de Mayo,0
San Luis,General Pedernera,7.0
San Luis,Junín,6.0
San Luis,Chacabuco,5.0
San Luis,Coronel Pringles,4.0
San Luis,Gobernador Dupuy,2.0
San Luis,Juan Martín de Pueyrredón,10.0
San Luis,Ayacucho,1.0
San Luis,Belgrano,1.0
San Luis,Libertador General San Martín,1.0
Santa Cruz,Güer Aike,8.0
Santa Cruz,Deseado,6.0
Santa Cruz,Río Chico,2.0
Santa Cruz,Lago Buenos Aires,1.0
Santa Cruz,Lago Argentino,1.0
Santa Cruz,Corpen Aike,0
Santa Cruz,Magallanes,0
Santa Fe,Vera,7.0
Santa Fe,San Cristóbal,6.0
Santa Fe,Iriondo,5.0
Santa Fe,General López,5.0
Santa Fe,Caseros,5.0
Santa Fe,Constitución,5.0
Santa Fe,San Martín,4.0
Santa Fe,San Jerónimo,3.0
Santa Fe,9 de Julio,3.0
Santa Fe,San Javier,3.0
Santa Fe,San Justo,3.0
Santa Fe,Garay,2.0
Santa Fe,San Lorenzo,2.0
Santa Fe,Belgrano,2.0
Santa Fe,Rosario,19.0
Santa Fe,Castellanos,14.0
Santa Fe,General Obligado,12.0
Santa Fe,Las Colonias,11.0
Santa Fe,La Capital,11.0
Santiago del Estero,Banda,7.0
Santiago del Estero,Río Hondo,3.0
Santiago del Estero,Ojo de Agua,2.0
Santiago del Estero,Robles,2.0
Santiago del Estero,Copo,2.0
Santiago del Estero,Avellaneda,2.0
Santiago del Estero,Capital,15.0
Santiago del Estero,Atamisqui,1.0
Santiago del Estero,General Taboada,1.0
Santiago del Estero,Juan Felipe Ibarra,1.0
Santiago del Estero,Jiménez,1.0
Santiago del Estero,Loreto,1.0
Santiago del Estero,Rivadavia,1.0
Santiago del Estero,Choya,1.0
Santiago del Estero,Alberdi,1.0
Santiago del Estero,Quebrachos,1.0
Santiago del Estero,Belgrano,0.0
Santiago del Estero,Aguirre,0
Santiago del Estero,Guasayán,0
Santiago del Estero,Figueroa,0
Santiago del Estero,Silípica,0
Santiago del Estero,San Martín,0
Santiago del Estero,Mitre,0
Santiago del Estero,Pellegrini,0
Santiago del Estero,Sarmiento,0
Santiago del Estero,Moreno,0
Santiago del Estero,Salavina,0
Tierra del Fuego,Río Grande,7.0
Tierra del Fuego,Ushuaia,1.0
Tucumán,Capital,3.0
Tucumán,Cruz Alta,3.0
Tucumán,Monteros,2.0
Tucumán,Río Chico,1.0
Tucumán,Tafí Viejo,1.0
Tucumán,Yerba Buena,1.0
Tucumán,Tafí del Valle,1.0
Tucumán,Chicligasta,1.0
Tucumán,Famaillá,1.0
Tucumán,Leales,1.0
Tucumán,La Cocha,0.0
Tucumán,Trancas,0.0
Tucumán,Graneros,0.0
Tucumán,Juan Bautista Alberdi,0.0
Tucumán,Lules,0
Tucumán,Simoca,0
Tucumán,Burruyacú,0
