Provincia,Departamento,Dominio más frecuente en BP
Buenos Aires,25 de Mayo,ninguno
Buenos Aires,9 de Julio,ninguno
Buenos Aires,Adolfo Alsina,hotmail
Buenos Aires,Adolfo Gonzales Chaves,yahoo
Buenos Aires,Alberti,live
Buenos Aires,Almirante Brown,yahoo
Buenos Aires,Arrecifes,yahoo
Buenos Aires,Avellaneda,yahoo
Buenos Aires,Ayacucho,ninguno
Buenos Aires,Azul,yahoo
Buenos Aires,Bahía Blanca,yahoo
Buenos Aires,Balcarce,yahoo
Buenos Aires,Baradero,ninguno
Buenos Aires,Benito Juárez,gmail
Buenos Aires,Berazategui,yahoo
Buenos Aires,Berisso,yahoo
Buenos Aires,Bolívar,yahoo
Buenos Aires,Bragado,yahoo
Buenos Aires,Brandsen,hotmail
Buenos Aires,Campana,yahoo
Buenos Aires,Capitán Sarmiento,hotmail
Buenos Aires,Carlos Casares,hotmail
Buenos Aires,Carlos Tejedor,yahoo
Buenos Aires,Carmen de Areco,yahoo
Buenos Aires,Castelli,yahoo
Buenos Aires,Cañuelas,yahoo
Buenos Aires,Chacabuco,ninguno
Buenos Aires,Chascomús,ninguno
Buenos Aires,Chivilcoy,hotmail
Buenos Aires,Colón,ninguno
Buenos Aires,Coronel Dorrego,gmail
Buenos Aires,Coronel Pringles,ninguno
Buenos Aires,Coronel Suárez,gmail
Buenos Aires,Coronel de Marina Leonardo Rosales,gmail
Buenos Aires,Daireaux,ninguno
Buenos Aires,Dolores,ninguno
Buenos Aires,Ensenada,yahoo
Buenos Aires,Escobar,yahoo
Buenos Aires,Esteban Echeverría,gmail
Buenos Aires,Exaltación de la Cruz,ninguno
Buenos Aires,Ezeiza,yahoo
Buenos Aires,Florencio Varela,yahoo
Buenos Aires,Florentino Ameghino,ninguno
Buenos Aires,General Alvarado,yahoo
Buenos Aires,General Alvear,yahoo
Buenos Aires,General Arenales,ninguno
Buenos Aires,General Belgrano,ninguno
Buenos Aires,General Guido,ninguno
Buenos Aires,General Juan Madariaga,ninguno
Buenos Aires,General La Madrid,yahoo
Buenos Aires,General Las Heras,ninguno
Buenos Aires,General Lavalle,hotmail
Buenos Aires,General Paz,ninguno
Buenos Aires,General Pinto,yahoo
Buenos Aires,General Pueyrredón,ninguno
Buenos Aires,General Rodríguez,ninguno
Buenos Aires,General San Martín,hotmail
Buenos Aires,General Viamonte,yahoo
Buenos Aires,General Villegas,servicoopsa
Buenos Aires,Guaminí,yahoo
Buenos Aires,Hipólito Yrigoyen,yahoo
Buenos Aires,Hurlingham,yahoo
Buenos Aires,Ituzaingó,yahoo
Buenos Aires,José C. Paz,ninguno
Buenos Aires,Junín,gmail
Buenos Aires,La Costa,yahoo
Buenos Aires,La Matanza,yahoo
Buenos Aires,La Plata,yahoo
Buenos Aires,Lanús,hotmail
Buenos Aires,Laprida,yahoo
Buenos Aires,Las Flores,ninguno
Buenos Aires,Leandro N. Alem,yahoo
Buenos Aires,Lezama,ninguno
Buenos Aires,Lincoln,hotmail
Buenos Aires,Lobería,gmail
Buenos Aires,Lobos,yahoo
Buenos Aires,Lomas de Zamora,yahoo
Buenos Aires,Luján,gmail
Buenos Aires,Magdalena,gmail
Buenos Aires,Maipú,ninguno
Buenos Aires,Malvinas Argentinas,yahoo
Buenos Aires,Mar Chiquita,yahoo
Buenos Aires,Marcos Paz,gmail
Buenos Aires,Mercedes,hotmail
Buenos Aires,Merlo,bibliotecaguiraldes
Buenos Aires,Monte,hotmail
Buenos Aires,Monte Hermoso,ninguno
Buenos Aires,Moreno,hotmail
Buenos Aires,Morón,hotmail
Buenos Aires,Navarro,yahoo
Buenos Aires,Necochea,hotmail
Buenos Aires,Olavarría,yahoo
Buenos Aires,Patagones,yahoo
Buenos Aires,Pehuajó,yahoo
Buenos Aires,Pellegrini,ninguno
Buenos Aires,Pergamino,yahoo
Buenos Aires,Pila,ninguno
Buenos Aires,Pilar,yahoo
Buenos Aires,Pinamar,telpin
Buenos Aires,Presidente Perón,ninguno
Buenos Aires,Puan,yahoo
Buenos Aires,Punta Indio,ninguno
Buenos Aires,Quilmes,yahoo
Buenos Aires,Ramallo,hotmail
Buenos Aires,Rauch,yahoo
Buenos Aires,Rivadavia,gmail
Buenos Aires,Rojas,ninguno
Buenos Aires,Roque Pérez,yahoo
Buenos Aires,Saavedra,yahoo
Buenos Aires,Saladillo,ninguno
Buenos Aires,Salliqueló,ninguno
Buenos Aires,Salto,hotmail
Buenos Aires,San Andrés de Giles,ninguno
Buenos Aires,San Antonio de Areco,yahoo
Buenos Aires,San Cayetano,ninguno
Buenos Aires,San Fernando,gmail
Buenos Aires,San Isidro,yahoo
Buenos Aires,San Miguel,hotmail
Buenos Aires,San Nicolás,gmail
Buenos Aires,San Pedro,gmail
Buenos Aires,San Vicente,yahoo
Buenos Aires,Suipacha,yahoo
Buenos Aires,Tandil,yahoo
Buenos Aires,Tapalqué,tapalque
Buenos Aires,Tigre,yahoo
Buenos Aires,Tordillo,ninguno
Buenos Aires,Tornquist,gmail
Buenos Aires,Trenque Lauquen,yahoo
Buenos Aires,Tres Arroyos,hotmail
Buenos Aires,Tres Lomas,ninguno
Buenos Aires,Tres de Febrero,hotmail
Buenos Aires,Vicente López,yahoo
Buenos Aires,Villa Gesell,ninguno
Buenos Aires,Villarino,yahoo
Buenos Aires,Zárate,hotmail
Catamarca,Ambato,ninguno
Catamarca,Ancasti,ninguno
Catamarca,Andalgalá,ninguno
Catamarca,Antofagasta de la Sierra,ninguno
Catamarca,Belén,ninguno
Catamarca,Capayán,yahoo
Catamarca,Capital,ninguno
Catamarca,El Alto,ninguno
Catamarca,Fray Mamerto Esquiú,yahoo
Catamarca,La Paz,ninguno
Catamarca,Paclín,ninguno
Catamarca,Pomán,ninguno
Catamarca,Santa María,ninguno
Catamarca,Santa Rosa,yahoo
Catamarca,Tinogasta,ninguno
Catamarca,Valle Viejo,hotmail
Chaco,12 de Octubre,ninguno
Chaco,1º de Mayo,ninguno
Chaco,2 de Abril,yahoo
Chaco,25 de Mayo,yahoo
Chaco,9 de Julio,hotmail
Chaco,Almirante Brown,ninguno
Chaco,Bermejo,yahoo
Chaco,Chacabuco,gmail
Chaco,Comandante Fernández,hotmail
Chaco,Fray Justo Santa María de Oro,ninguno
Chaco,General Belgrano,gmail
Chaco,General Donovan,yahoo
Chaco,General Güemes,yahoo
Chaco,Independencia,ninguno
Chaco,Libertad,ninguno
Chaco,Libertador General San Martín,yahoo
Chaco,Maipú,ninguno
Chaco,Mayor Luis J. Fontana,vai
Chaco,O'Higgins,yahoo
Chaco,Presidencia de la Plaza,hotmail
Chaco,Quitilipi,hotmail
Chaco,San Fernando,hotmail
Chaco,San Lorenzo,yahoo
Chaco,Sargento Cabral,yahoo
Chaco,Tapenagá,ninguno
Chubut,Biedma,hotmail
Chubut,Cushamen,hotmail
Chubut,Escalante,yahoo
Chubut,Florentino Ameghino,ninguno
Chubut,Futaleufú,yahoo
Chubut,Gaiman,gmail
Chubut,Gastre,ninguno
Chubut,Languiñeo,ninguno
Chubut,Mártires,ninguno
Chubut,Paso de Indios,ninguno
Chubut,Rawson,hotmail
Chubut,Río Senguer,ninguno
Chubut,Sarmiento,yahoo
Chubut,Tehuelches,hotmail
Chubut,Telsen,ninguno
Ciudad de Buenos Aires,CABA,yahoo
Corrientes,Bella Vista,ninguno
Corrientes,Berón de Astrada,ninguno
Corrientes,Capital,yahoo
Corrientes,Concepción,hotmail
Corrientes,Curuzú Cuatiá,hotmail
Corrientes,Empedrado,ninguno
Corrientes,Esquina,ninguno
Corrientes,General Alvear,hotmail
Corrientes,General Paz,hotmail
Corrientes,Goya,gmail
Corrientes,Itatí,ninguno
Corrientes,Ituzaingó,hotmail
Corrientes,Lavalle,ninguno
Corrientes,Mburucuyá,ninguno
Corrientes,Mercedes,gmail
Corrientes,Monte Caseros,hotmail
Corrientes,Paso de los Libres,hotmail
Corrientes,Saladas,ninguno
Corrientes,San Cosme,gmail
Corrientes,San Luis del Palmar,bepe
Corrientes,San Martín,ninguno
Corrientes,San Miguel,ninguno
Corrientes,San Roque,ninguno
Corrientes,Santo Tomé,hotmail
Corrientes,Sauce,ninguno
Córdoba,Calamuchita,gmail
Córdoba,Capital,yahoo
Córdoba,Colón,hotmail
Córdoba,Cruz del Eje,ninguno
Córdoba,General Roca,jovitacoop
Córdoba,General San Martín,hotmail
Córdoba,Ischilín,intinet
Córdoba,Juárez Celman,yahoo
Córdoba,Marcos Juárez,yahoo
Córdoba,Minas,ninguno
Córdoba,Pocho,ninguno
Córdoba,Presidente Roque Sáenz Peña,hotmail
Córdoba,Punilla,gmail
Córdoba,Río Cuarto,hotmail
Córdoba,Río Primero,hotmail
Córdoba,Río Seco,ninguno
Córdoba,Río Segundo,yahoo
Córdoba,San Alberto,ordendelcolmenar
Córdoba,San Javier,yahoo
Córdoba,San Justo,gmail
Córdoba,Santa María,gmail
Córdoba,Sobremonte,ninguno
Córdoba,Tercero Arriba,hotmail
Córdoba,Totoral,ninguno
Córdoba,Tulumba,ninguno
Córdoba,Unión,yahoo
Entre Ríos,Colón,hotmail
Entre Ríos,Concordia,hotmail
Entre Ríos,Diamante,yahoo
Entre Ríos,Federación,outlook
Entre Ríos,Federal,hotmail
Entre Ríos,Feliciano,ninguno
Entre Ríos,Gualeguay,yahoo
Entre Ríos,Gualeguaychú,hotmail
Entre Ríos,Islas del Ibicuy,hotmail
Entre Ríos,La Paz,hotmail
Entre Ríos,Nogoyá,hotmail
Entre Ríos,Paraná,gmail
Entre Ríos,San Salvador,yahoo
Entre Ríos,Tala,gmail
Entre Ríos,Uruguay,yahoo
Entre Ríos,Victoria,ninguno
Entre Ríos,Villaguay,gmail
Formosa,Bermejo,ninguno
Formosa,Formosa,hotmail
Formosa,Laishi,ninguno
Formosa,Matacos,ninguno
Formosa,Patiño,hotmail
Formosa,Pilagás,ninguno
Formosa,Pilcomayo,hotmail
Formosa,Pirané,hotmail
Formosa,Ramón Lista,ninguno
Jujuy,Cochinoca,yahoo
Jujuy,Dr. Manuel Belgrano,yahoo
Jujuy,El Carmen,gmail
Jujuy,Humahuaca,ninguno
Jujuy,Ledesma,ninguno
Jujuy,Palpalá,ninguno
Jujuy,Rinconada,ninguno
Jujuy,San Antonio,hotmail
Jujuy,San Pedro,hotmail
Jujuy,Santa Bárbara,ninguno
Jujuy,Santa Catalina,ninguno
Jujuy,Susques,ninguno
Jujuy,Tilcara,ninguno
Jujuy,Tumbaya,ninguno
Jujuy,Valle Grande,ninguno
Jujuy,Yavi,ninguno
La Pampa,Atreucó,gmail
La Pampa,Caleu Caleu,hotmail
La Pampa,Capital,gmail
La Pampa,Catriló,yahoo
La Pampa,Chalileo,ninguno
La Pampa,Chapaleufú,yahoo
La Pampa,Chical Co,ninguno
La Pampa,Conhelo,yahoo
La Pampa,Curacó,ninguno
La Pampa,Guatraché,yahoo
La Pampa,Hucal,hotmail
La Pampa,Lihuel Calel,ninguno
La Pampa,Limay Mahuida,ninguno
La Pampa,Loventué,hotmail
La Pampa,Maracó,yahoo
La Pampa,Puelén,ninguno
La Pampa,Quemú Quemú,yahoo
La Pampa,Rancul,yahoo
La Pampa,Realicó,hotmail
La Pampa,Toay,cpenet
La Pampa,Trenel,yahoo
La Pampa,Utracán,yahoo
La Rioja,Arauco,ninguno
La Rioja,Capital,gmail
La Rioja,Castro Barros,ninguno
La Rioja,Chamical,hotmail
La Rioja,Chilecito,gmail
La Rioja,Famatina,ninguno
La Rioja,General Belgrano,ninguno
La Rioja,General Felipe Varela,ninguno
La Rioja,General Juan Facundo Quiroga,ninguno
La Rioja,General Lamadrid,ninguno
La Rioja,General Ortiz de Ocampo,ninguno
La Rioja,General San Martín,ninguno
La Rioja,Independencia,ninguno
La Rioja,Rosario Vera Peñaloza,ninguno
La Rioja,San Blas de Los Sauces,ninguno
La Rioja,Sanagasta,ninguno
La Rioja,Vinchina,ninguno
La Rioja,Ángel Vicente Peñaloza,ninguno
Mendoza,Capital,gmail
Mendoza,General Alvear,yahoo
Mendoza,Godoy Cruz,hotmail
Mendoza,Guaymallén,yahoo
Mendoza,Junín,gmail
Mendoza,La Paz,ninguno
Mendoza,Las Heras,yahoo
Mendoza,Lavalle,hotmail
Mendoza,Luján de Cuyo,yahoo
Mendoza,Maipú,hotmail
Mendoza,Malargüe,ninguno
Mendoza,Rivadavia,hotmail
Mendoza,San Carlos,yahoo
Mendoza,San Martín,yahoo
Mendoza,San Rafael,yahoo
Mendoza,Santa Rosa,gmail
Mendoza,Tunuyán,yahoo
Mendoza,Tupungato,gmail
Misiones,25 de Mayo,yahoo
Misiones,Apóstoles,ninguno
Misiones,Cainguás,ninguno
Misiones,Candelaria,gmail
Misiones,Capital,yahoo
Misiones,Concepción,ninguno
Misiones,Eldorado,hotmail
Misiones,General Manuel Belgrano,ninguno
Misiones,Guaraní,ninguno
Misiones,Iguazú,ninguno
Misiones,Leandro N. Alem,hotmail
Misiones,Libertador General San Martín,yahoo
Misiones,Montecarlo,yahoo
Misiones,Oberá,yahoo
Misiones,San Ignacio,gmail
Misiones,San Javier,ninguno
Misiones,San Pedro,gmail
Neuquén,Aluminé,ninguno
Neuquén,Añelo,yahoo
Neuquén,Catán Lil,yahoo
Neuquén,Chos Malal,yahoo
Neuquén,Collón Curá,ninguno
Neuquén,Confluencia,gmail
Neuquén,Huiliches,yahoo
Neuquén,Loncopué,ninguno
Neuquén,Los Lagos,ninguno
Neuquén,Lácar,smandes
Neuquén,Minas,yahoo
Neuquén,Pehuenches,hotmail
Neuquén,Picunches,ninguno
Neuquén,Picún Leufú,ninguno
Neuquén,Zapala,ninguno
Neuquén,Ñorquín,hotmail
Río Negro,25 de Mayo,yahoo
Río Negro,9 de Julio,ninguno
Río Negro,Adolfo Alsina,yahoo
Río Negro,Avellaneda,yahoo
Río Negro,Bariloche,yahoo
Río Negro,Conesa,gmail
Río Negro,El Cuy,ninguno
Río Negro,General Roca,yahoo
Río Negro,Pichi Mahuida,ninguno
Río Negro,Pilcaniyeu,yahoo
Río Negro,San Antonio,yahoo
Río Negro,Valcheta,yahoo
Río Negro,Ñorquinco,gmail
Salta,Anta,ninguno
Salta,Cachi,ninguno
Salta,Cafayate,ninguno
Salta,Capital,hotmail
Salta,Cerrillos,yahoo
Salta,Chicoana,ninguno
Salta,General Güemes,yahoo
Salta,General José de San Martín,yahoo
Salta,Guachipas,ninguno
Salta,Iruya,ninguno
Salta,La Caldera,yahoo
Salta,La Candelaria,gmail
Salta,La Poma,ninguno
Salta,La Viña,ninguno
Salta,Los Andes,ninguno
Salta,Metán,yahoo
Salta,Molinos,ninguno
Salta,Orán,ninguno
Salta,Rivadavia,hotmail
Salta,Rosario de Lerma,ninguno
Salta,Rosario de la Frontera,ninguno
Salta,San Carlos,ninguno
Salta,Santa Victoria,gmail
San Juan,25 de Mayo,ninguno
San Juan,9 de Julio,ninguno
San Juan,Albardón,ninguno
San Juan,Angaco,ninguno
San Juan,Calingasta,ninguno
San Juan,Capital,hotmail
San Juan,Caucete,ninguno
San Juan,Chimbas,ninguno
San Juan,Iglesia,yahoo
San Juan,Jáchal,ninguno
San Juan,Pocito,ninguno
San Juan,Rawson,gmail
San Juan,Rivadavia,hotmail
San Juan,San Martín,yahoo
San Juan,Santa Lucía,yahoo
San Juan,Sarmiento,ninguno
San Juan,Ullum,gmail
San Juan,Valle Fértil,hotmail
San Juan,Zonda,ninguno
San Luis,Ayacucho,ninguno
San Luis,Belgrano,ninguno
San Luis,Chacabuco,hotmail
San Luis,Coronel Pringles,hotmail
San Luis,General Pedernera,yahoo
San Luis,Gobernador Dupuy,ninguno
San Luis,Juan Martín de Pueyrredón,gmail
San Luis,Junín,live
San Luis,Libertador General San Martín,hotmail
Santa Cruz,Corpen Aike,ninguno
Santa Cruz,Deseado,hotmail
Santa Cruz,Güer Aike,yahoo
Santa Cruz,Lago Argentino,yahoo
Santa Cruz,Lago Buenos Aires,yahoo
Santa Cruz,Magallanes,ninguno
Santa Cruz,Río Chico,ninguno
Santa Fe,9 de Julio,tostado
Santa Fe,Belgrano,hotmail
Santa Fe,Caseros,gmail
Santa Fe,Castellanos,hotmail
Santa Fe,Constitución,gmail
Santa Fe,Garay,yahoo
Santa Fe,General López,hotmail
Santa Fe,General Obligado,hotmail
Santa Fe,Iriondo,hotmail
Santa Fe,La Capital,gmail
Santa Fe,Las Colonias,hotmail
Santa Fe,Rosario,hotmail
Santa Fe,San Cristóbal,hotmail
Santa Fe,San Javier,yahoo
Santa Fe,San Jerónimo,hotmail
Santa Fe,San Justo,hotmail
Santa Fe,San Lorenzo,yahoo
Santa Fe,San Martín,sme
Santa Fe,Vera,trcnet
Santiago del Estero,Aguirre,ninguno
Santiago del Estero,Alberdi,ninguno
Santiago del Estero,Atamisqui,ninguno
Santiago del Estero,Avellaneda,hotmail
Santiago del Estero,Banda,hotmail
Santiago del Estero,Belgrano,hotmail
Santiago del Estero,Capital,hotmail
Santiago del Estero,Choya,ninguno
Santiago del Estero,Copo,ninguno
Santiago del Estero,Figueroa,ninguno
Santiago del Estero,General Taboada,hotmail
Santiago del Estero,Guasayán,ninguno
Santiago del Estero,Jiménez,gmail
Santiago del Estero,Juan Felipe Ibarra,ninguno
Santiago del Estero,Loreto,hotmail
Santiago del Estero,Mitre,ninguno
Santiago del Estero,Moreno,ninguno
Santiago del Estero,Ojo de Agua,ninguno
Santiago del Estero,Pellegrini,ninguno
Santiago del Estero,Quebrachos,ninguno
Santiago del Estero,Rivadavia,ninguno
Santiago del Estero,Robles,gmail
Santiago del Estero,Río Hondo,hotmail
Santiago del Estero,Salavina,ninguno
Santiago del Estero,San Martín,ninguno
Santiago del Estero,Sarmiento,ninguno
Santiago del Estero,Silípica,ninguno
Tierra del Fuego,Río Grande,hotmail
Tierra del Fuego,Ushuaia,ninguno
Tucumán,Burruyacú,ninguno
Tucumán,Capital,hotmail
Tucumán,Chicligasta,ninguno
Tucumán,Cruz Alta,hotmail
Tucumán,Famaillá,ninguno
Tucumán,Graneros,ninguno
Tucumán,Juan Bautista Alberdi,ninguno
Tucumán,La Cocha,ninguno
Tucumán,Leales,gmail
Tucumán,Lules,ninguno
Tucumán,Monteros,yahoo
Tucumán,Río Chico,ninguno
Tucumán,Simoca,ninguno
Tucumán,Tafí Viejo,ninguno
Tucumán,Tafí del Valle,ninguno
Tucumán,Trancas,ninguno
Tucumán,Yerba Buena,yahoo
